min,CH1,CH14,CH40,CH42,CH47,CH54,
13.8033,4.41498,0.602723,0,19.9468,6,0,
13.8067,4.36066,0.599671,2.62,19.9468,6,0,
13.81,4.35547,0.602723,2.62,19.9468,6,0,
13.8133,4.34692,0.601197,2.62,19.9468,6,0,
13.8167,4.32159,0.585938,2.62,19.9468,6,0,
13.82,4.32678,0.58899,2.62,19.9468,6,0,
13.8233,4.36523,0.58899,2.62,19.9468,6,0,
13.8267,4.47296,0.601197,2.62,19.9468,6,0,
13.83,4.78241,0.585938,2.62,19.9468,6,0,
13.8333,5.13123,0.58899,2.62,5.52181,6,0,
13.8367,5.24628,0.58899,2.62,5.52181,6,0,
13.84,5.09064,0.599671,1.612,5.52181,6,0,
13.8433,4.88525,0.599671,1.612,5.52181,6,0,
13.8467,4.6994,0.587464,1.612,5.52181,6,0,
13.85,4.55109,0.587464,1.612,5.52181,6,0,
13.8533,4.43939,0.58899,1.612,5.52181,6,0,
13.8567,4.38538,0.585938,1.612,5.52181,6,0,
13.86,4.37988,0.587464,1.612,5.52181,6,0,
13.8633,4.38538,0.587464,1.612,5.52181,6,0,
13.8667,4.38568,0.587464,1.612,5.52181,6,0,
13.87,4.39545,0.590516,0,5.52181,6,0,
13.8733,4.44366,0.592042,0,5.52181,6,0,
13.8767,4.61578,0.587464,0,5.52181,6,0,
13.88,4.90509,0.587464,0,5.52181,6,0,
13.8833,5.25269,0.587464,0,5.52181,6,0,
13.8867,5.52216,0.585938,0,19.9867,6,0,
13.89,5.65918,0.58899,3.002,19.9867,6,0,
13.8933,5.7132,0.587464,3.002,19.9867,6,0,
13.8967,5.75226,0.58899,3.002,19.9867,6,0,
13.9,5.7428,0.587464,3.002,19.9867,6,0,
13.9033,5.66864,0.585938,3.002,19.9867,6,0,
13.9067,5.52246,0.58899,3.002,19.9867,6,0,
13.91,5.33081,0.585938,3.002,19.9867,6,0,
13.9133,5.15137,0.585938,3.002,19.9867,6,0,
13.9167,4.96857,0.58899,3.002,19.9867,6,0,
13.92,4.80682,0.584413,0,19.9867,6,0,
13.9233,4.71344,0.587464,2.506,19.9867,6,0,
13.9267,4.66034,0.58899,2.506,19.9867,6,0,
13.93,4.60632,0.58899,0.332,19.9867,6,0,
13.9333,4.55658,0.585938,0.332,19.9867,6,0,
13.9367,4.49768,0.587464,0.332,19.9867,6,0,
13.94,4.47357,0.587464,0.332,19.9867,6,0,
13.9433,4.46899,0.587464,0.332,19.9867,6,0,
13.9467,4.47357,0.58899,0.332,19.9867,6,0,
13.95,4.45404,0.587464,0.332,19.9867,6,0,
13.9533,4.43939,0.575257,0.332,19.9867,6,0,
13.9567,4.45404,0.576783,0.332,19.9867,6,0,
13.96,4.53827,0.575257,0.332,19.9867,6,0,
13.9633,4.6698,0.575257,0.332,19.9867,6,0,
13.9667,4.83124,0.576783,0.332,19.9867,6,0,
13.97,5.08606,0.573731,0.332,19.9867,6,0,
13.9733,5.33997,0.576783,0,19.9867,6,0,
13.9767,5.52185,0.575257,0,11.2402,6,0,
13.98,5.62927,0.578309,2.168,11.2402,6,0,
13.9833,5.70251,0.575257,2.168,11.2402,6,0,
13.9867,5.73761,0.576783,2.168,11.2402,6,0,
13.99,5.71747,0.576783,2.168,11.2402,6,0,
13.9933,5.64453,0.573731,2.168,11.2402,6,0,
13.9967,5.56122,0.576783,2.168,11.2402,6,0,
14,5.448,0.573731,2.168,11.2402,6,0,
14.0033,5.25238,0.575257,2.168,11.2402,6,0,
14.0067,5.05219,0.576783,2.168,11.2402,6,0,
14.01,4.90479,0.573731,0,11.2402,6,0,
14.0133,4.7876,0.576783,0,11.2402,6,0,
14.0167,4.68903,0.576783,2.774,11.2402,6,0,
14.02,4.61578,0.576783,2.774,11.2402,6,0,
14.0233,4.59137,0.578309,2.774,11.2402,6,0,
14.0267,4.58618,0.576783,2.774,11.2402,6,0,
14.03,4.5813,0.575257,2.774,11.2402,6,0,
14.0333,4.57642,0.576783,2.774,11.2402,6,0,
14.0367,4.62524,0.573731,2.774,11.2402,6,0,
14.04,4.70856,0.579835,2.774,11.2402,6,0,
14.0433,4.8407,0.575257,2.774,11.2402,6,0,
14.0467,4.95911,0.576783,2.774,11.2402,6,0,
14.05,5.12543,0.575257,2.774,11.2402,6,0,
14.0533,5.33051,0.576783,2.774,11.2402,6,0,
14.0567,5.44373,0.575257,2.108,12.29,6,0,
14.06,5.41382,0.575257,2.108,12.29,6,0,
14.0633,5.29694,0.573731,2.108,12.29,6,0,
14.0667,5.15961,0.576783,2.108,12.29,6,0,
14.07,4.99207,0.573731,2.108,12.29,6,0,
14.0733,4.841,0.575257,2.108,12.29,6,0,
14.0767,4.73389,0.576783,2.108,12.29,6,0,
14.08,4.64996,0.576783,2.108,12.29,6,0,
14.0833,4.58618,0.575257,2.108,12.29,6,0,
14.0867,4.50745,0.576783,2.108,12.29,6,0,
14.09,4.44397,0.575257,2.256,12.29,6,0,
14.0933,4.42505,0.576783,2.256,12.29,6,0,
14.0967,4.42963,0.575257,2.256,12.29,6,0,
14.1,4.44885,0.567628,2.256,12.29,6,0,
14.1033,4.45404,0.576783,2.256,12.29,6,0,
14.1067,4.48395,0.559998,2.256,12.29,6,0,
14.11,4.57123,0.573731,2.256,12.29,6,0,
14.1133,4.74304,0.56305,2.256,12.29,6,0,
14.1167,4.93866,0.56305,2.256,12.29,6,0,
14.12,5.17426,0.56305,2.256,12.29,6,0,
14.1233,5.39917,0.559998,2.256,12.29,6,0,
14.1267,5.54108,0.559998,1.87,14.5419,6,0,
14.13,5.58594,0.566102,1.87,14.5419,6,0,
14.1333,5.54718,0.564576,1.87,14.5419,6,0,
14.1367,5.49286,0.564576,1.87,14.5419,6,0,
14.14,5.42419,0.564576,1.87,14.5419,6,0,
14.1433,5.28656,0.566102,1.87,14.5419,6,0,
14.1467,5.07629,0.561524,1.87,14.5419,6,0,
14.15,4.91516,0.561524,1.87,14.5419,6,0,
14.1533,4.81201,0.566102,1.87,14.5419,6,0,
14.1567,4.73358,0.561524,1.87,14.5419,6,0,
14.16,4.6698,0.564576,2.272,14.5419,6,0,
14.1633,4.6402,0.56305,2.272,14.5419,6,0,
14.1667,4.6402,0.561524,2.272,14.5419,6,0,
14.17,4.64539,0.56305,2.272,14.5419,6,0,
14.1733,4.63501,0.56305,2.272,14.5419,6,0,
14.1767,4.62555,0.561524,2.272,14.5419,6,0,
14.18,4.62982,0.561524,2.272,14.5419,6,0,
14.1833,4.64508,0.561524,2.272,14.5419,6,0,
14.1867,4.65027,0.56305,2.272,14.5419,6,0,
14.19,4.63531,0.564576,2.272,14.5419,6,0,
14.1933,4.66461,0.56305,2.272,14.5419,6,0,
14.1967,4.80225,0.56305,0,14.5419,6,0,
14.2,5.03235,0.56305,0,14.5419,6,0,
14.2033,5.30792,0.566102,0,14.5419,6,0,
14.2067,5.53253,0.56305,0,14.5419,6,0,
14.21,5.65369,0.564576,2.608,12.2951,6,0,
14.2133,5.69824,0.56305,2.608,12.2951,6,0,
14.2167,5.70801,0.559998,2.608,12.2951,6,0,
14.22,5.69336,0.56305,2.608,12.2951,6,0,
14.2233,5.63904,0.56305,2.608,12.2951,6,0,
14.2267,5.55145,0.56305,2.608,12.2951,6,0,
14.23,5.47729,0.561524,2.608,12.2951,6,0,
14.2333,5.35004,0.559998,2.608,12.2951,6,0,
14.2367,5.1593,0.564576,2.608,12.2951,6,0,
14.24,5.03235,0.56305,0,12.2951,6,0,
14.2433,4.93774,0.56305,0,12.2951,6,0,
14.2467,4.82635,0.566102,0,12.2951,6,0,
14.25,4.71313,0.56305,2.916,12.2951,6,0,
14.2533,4.62555,0.559998,2.916,12.2951,6,0,
14.2567,4.58649,0.566102,2.916,12.2951,6,0,
14.26,4.5813,0.564576,2.916,12.2951,6,0,
14.2633,4.58069,0.566102,2.916,12.2951,6,0,
14.2667,4.56604,0.564576,2.916,12.2951,6,0,
14.27,4.56207,0.553895,2.916,12.2951,6,0,
14.2733,4.57123,0.550843,2.916,12.2951,6,0,
14.2767,4.59106,0.549317,2.916,12.2951,6,0,
14.28,4.6106,0.547791,2.916,12.2951,6,0,
14.2833,4.66461,0.547791,2.916,12.2951,6,0,
14.2867,4.84528,0.552369,2.916,12.2951,6,0,
14.29,5.10498,0.550843,0,12.2951,6,0,
14.2933,5.31586,0.550843,0,12.2951,6,0,
14.2967,5.46844,0.550843,0,11.4112,6,0,
14.3,5.59113,0.553895,2.342,11.4112,6,0,
14.3033,5.65704,0.550843,2.342,11.4112,6,0,
14.3067,5.67413,0.550843,2.342,11.4112,6,0,
14.31,5.64941,0.552369,2.342,11.4112,6,0,
14.3133,5.61554,0.550843,2.342,11.4112,6,0,
14.3167,5.59631,0.553895,2.342,11.4112,6,0,
14.32,5.56488,0.552369,2.342,11.4112,6,0,
14.3233,5.48767,0.550843,2.342,11.4112,6,0,
14.3267,5.40283,0.550843,0,11.4112,6,0,
14.33,5.30151,0.549317,0,11.4112,6,0,
14.3333,5.19379,0.549317,0,11.4112,6,0,
14.3367,5.1001,0.553895,0,11.4112,6,0,
14.34,5.02258,0.552369,3.014,11.4112,6,0,
14.3433,4.97375,0.550843,3.014,11.4112,6,0,
14.3467,4.93408,0.549317,3.014,11.4112,6,0,
14.35,4.88983,0.552369,0.41,11.4112,6,0,
14.3533,4.85077,0.549317,0.334,11.4112,6,0,
14.3567,4.8465,0.550843,0.334,11.4112,6,0,
14.36,4.8465,0.547791,0.334,11.4112,6,0,
14.3633,4.83582,0.552369,0.54,11.4112,6,0,
14.3667,4.80713,0.552369,0.336,11.4112,6,0,
14.37,4.79126,0.553895,0.336,11.4112,6,0,
14.3733,4.83124,0.552369,0.336,11.4112,6,0,
14.3767,4.90417,0.555421,0.336,11.4112,6,0,
14.38,4.99756,0.550843,0.336,11.4112,6,0,
14.3833,5.12756,0.550843,0.336,11.4112,6,0,
14.3867,5.24811,0.553895,0.336,11.4112,6,0,
14.39,5.30548,0.552369,0.336,11.4112,6,0,
14.3933,5.32532,0.547791,0.336,11.4112,6,0,
14.3967,5.3598,0.549317,0.336,11.4112,6,0,
14.4,5.37445,0.53711,0.336,11.4112,6,0,
14.4033,5.34943,0.540162,0.938,11.4112,6,0,
14.4067,5.28687,0.538636,0.938,11.4112,6,0,
14.41,5.22308,0.535584,0.938,11.4112,6,0,
14.4133,5.1297,0.538636,0.938,11.4112,6,0,
14.4167,5.0177,0.53711,0.938,11.4112,6,0,
14.42,4.8999,0.53711,0,11.4112,6,0,
14.4233,4.85077,0.540162,2.444,11.4112,6,0,
14.4267,4.80194,0.53711,2.444,11.4112,6,0,
14.43,4.74823,0.53711,0.334,11.4112,6,0,
14.4333,4.70367,0.541688,0.334,11.4112,6,0,
14.4367,4.68506,0.540162,0.334,11.4112,6,0,
14.44,4.67957,0.54474,0.334,11.4112,6,0,
14.4433,4.65942,0.540162,0.334,11.4112,6,0,
14.4467,4.63501,0.540162,0.334,11.4112,6,0,
14.45,4.62585,0.53711,0.334,11.4112,6,0,
14.4533,4.65515,0.535584,0.334,11.4112,6,0,
14.4567,4.72809,0.535584,0.334,11.4112,6,0,
14.46,4.83643,0.53711,0.334,11.4112,6,0,
14.4633,4.97833,0.541688,0.334,11.4112,6,0,
14.4667,5.15503,0.53711,0,11.4112,6,0,
14.47,5.29144,0.534059,0,5.63698,6,0,
14.4733,5.33997,0.53711,2.294,5.63698,6,0,
14.4767,5.33569,0.53711,2.294,5.63698,6,0,
14.48,5.29633,0.541688,2.294,5.63698,6,0,
14.4833,5.21088,0.543214,2.294,5.63698,6,0,
14.4867,5.05737,0.540162,2.294,5.63698,6,0,
14.49,4.93439,0.538636,2.294,5.63698,6,0,
14.4933,4.86572,0.540162,2.294,5.63698,6,0,
14.4967,4.82178,0.538636,2.294,5.63698,6,0,
14.5,4.76807,0.538636,2.294,5.63698,6,0,
14.5033,4.72321,0.541688,2.294,5.63698,6,0,
14.5067,4.70886,0.53711,2.282,5.63698,6,0,
14.51,4.68445,0.538636,0.332,5.63698,6,0,
14.5133,4.66003,0.538636,0.332,5.63698,6,0,
14.5167,4.64508,0.535584,0.344,5.63698,6,0,
14.52,4.646,0.538636,0.344,5.63698,6,0,
14.5233,4.65057,0.540162,0.344,5.63698,6,0,
14.5267,4.66003,0.540162,0.344,5.63698,6,0,
14.53,4.72412,0.540162,0.344,5.63698,6,0,
14.5333,4.85657,0.540162,0.344,5.63698,6,0,
14.5367,4.98413,0.538636,0.344,15.1362,6,0,
14.54,5.05707,0.538636,0.344,15.1362,6,0,
14.5433,5.06256,0.543214,1.006,15.1362,6,0,
14.5467,5.00244,0.53711,1.006,15.1362,6,0,
14.55,4.88647,0.541688,1.006,15.1362,6,0,
14.5533,4.77325,0.540162,1.006,15.1362,6,0,
14.5567,4.71924,0.541688,1.006,15.1362,6,0,
14.56,4.68964,0.541688,1.006,15.1362,6,0,
14.5633,4.66461,0.540162,1.006,15.1362,6,0,
14.5667,4.65515,0.540162,1.006,15.1362,6,0,
14.57,4.65485,0.538636,0,15.1362,6,0,
14.5733,4.64081,0.538636,2.258,15.1362,6,0,
14.5767,4.63013,0.53711,2.258,15.1362,6,0,
14.58,4.66949,0.535584,2.258,15.1362,6,0,
14.5833,4.78699,0.538636,2.258,15.1362,6,0,
14.5867,4.96246,0.538636,2.258,15.1362,6,0,
14.59,5.22278,0.541688,2.258,15.1362,6,0,
14.5933,5.4483,0.538636,2.258,15.1362,6,0,
14.5967,5.5365,0.540162,2.258,17.4216,6,0,
14.6,5.49744,0.540162,1.186,17.4216,6,0,
14.6033,5.40924,0.541688,1.186,17.4216,6,0,
14.6067,5.20355,0.53711,1.186,17.4216,6,0,
14.61,4.93256,0.538636,1.186,17.4216,6,0,
14.6133,4.73785,0.538636,1.186,17.4216,6,0,
14.6167,4.65057,0.538636,1.186,17.4216,6,0,
14.62,4.62067,0.540162,1.186,17.4216,6,0,
14.6233,4.59961,0.543214,1.186,17.4216,6,0,
14.6267,4.5578,0.540162,1.186,17.4216,6,0,
14.63,4.5285,0.540162,0,17.4216,6,0,
14.6333,4.51843,0.541688,0,17.4216,6,0,
14.6367,4.53217,0.540162,0,17.4216,6,0,
14.64,4.53217,0.53711,0,17.4216,6,0,
14.6433,4.54254,0.541688,0,17.4216,6,0,
14.6467,4.62067,0.53711,0,17.4216,6,0,
14.65,4.76257,0.541688,0,17.4216,6,0,
14.6533,4.90448,0.541688,0,17.4216,6,0,
14.6567,5.04272,0.538636,0,17.4216,6,0,
14.66,5.08087,0.540162,3.666,17.4216,6,0,
14.6633,5.01282,0.538636,3.666,17.4216,6,0,
14.6667,4.87091,0.540162,3.666,17.4216,6,0,
14.67,4.74762,0.53711,3.666,17.4216,6,0,
14.6733,4.68933,0.540162,3.666,17.4216,6,0,
14.6767,4.65485,0.53711,3.666,17.4216,6,0,
14.68,4.61548,0.538636,3.666,17.4216,6,0,
14.6833,4.59167,0.540162,3.666,17.4216,6,0,
14.6867,4.59106,0.540162,3.666,17.4216,6,0,
14.69,4.59625,0.538636,0,17.4216,6,0,
14.6933,4.61609,0.53711,0,17.4216,6,0,
14.6967,4.71436,0.540162,0,17.4216,6,0,
14.7,4.86511,0.540162,0,17.4216,6,0,
14.7033,5.00824,0.541688,0,17.4216,6,0,
14.7067,5.08057,0.538636,2.984,17.4216,6,0,
14.71,5.04211,0.538636,2.984,17.4216,6,0,
14.7133,4.91455,0.541688,2.984,17.4216,6,0,
14.7167,4.76288,0.538636,2.984,17.4216,6,0,
14.72,4.67255,0.538636,2.984,17.4216,6,0,
14.7233,4.63104,0.543214,2.984,17.4216,6,0,
14.7267,4.58588,0.53711,2.984,17.4216,6,0,
14.73,4.53796,0.535584,2.984,17.4216,6,0,
14.7333,4.51782,0.541688,2.984,17.4216,6,0,
14.7367,4.51782,0.535584,2.984,17.4216,6,0,
14.74,4.53247,0.53711,0,17.4216,6,0,
14.7433,4.63104,0.53711,0,17.4216,6,0,
14.7467,4.89471,0.540162,0,17.4216,6,0,
14.75,5.22308,0.541688,0,17.4216,6,0,
14.7533,5.49744,0.540162,0,17.4216,6,0,
14.7567,5.6778,0.540162,0,6.33179,6,0,
14.76,5.73303,0.53711,2.826,6.33179,6,0,
14.7633,5.68359,0.538636,2.826,6.33179,6,0,
14.7667,5.59509,0.540162,2.826,6.33179,6,0,
14.77,5.46387,0.541688,2.826,6.33179,6,0,
14.7733,5.28748,0.524903,2.826,6.33179,6,0,
14.7767,5.12573,0.538636,2.826,6.33179,6,0,
14.78,5.03296,0.526429,2.826,6.33179,6,0,
14.7833,4.97375,0.529481,2.826,6.33179,6,0,
14.7867,4.95453,0.529481,2.25,6.33179,6,0,
14.79,4.97284,0.527955,2.25,6.33179,6,0,
14.7933,4.97345,0.529481,0.366,6.33179,6,0,
14.7967,4.84802,0.526429,0.366,6.33179,6,0,
14.8,4.67957,0.527955,0.366,6.33179,6,0,
14.8033,4.56268,0.526429,0.366,6.33179,6,0,
14.8067,4.52301,0.524903,0.366,6.33179,6,0,
14.81,4.55688,0.526429,0.366,6.33179,6,0,
14.8133,4.7287,0.526429,0.366,6.33179,6,0,
14.8167,5.07599,0.526429,0.366,6.33179,6,0,
14.82,5.39948,0.524903,0.366,6.33179,6,0,
14.8233,5.55145,0.527955,0.366,14.6699,6,0,
14.8267,5.55603,0.529481,1.474,14.6699,6,0,
14.83,5.4538,0.526429,1.474,14.6699,6,0,
14.8333,5.19867,0.524903,1.474,14.6699,6,0,
14.8367,4.91486,0.529481,1.474,14.6699,6,0,
14.84,4.74304,0.526429,1.474,14.6699,6,0,
14.8433,4.65515,0.526429,1.474,14.6699,6,0,
14.8467,4.58588,0.527955,1.474,14.6699,6,0,
14.85,4.53217,0.524903,1.474,14.6699,6,0,
14.8533,4.51721,0.531007,1.474,14.6699,6,0,
14.8567,4.52332,0.527955,0,14.6699,6,0,
14.86,4.53583,0.526429,0,14.6699,6,0,
14.8633,4.62555,0.527955,0,14.6699,6,0,
14.8667,4.90997,0.531007,0,14.6699,6,0,
14.87,5.26825,0.527955,0,14.6699,6,0,
14.8733,5.53162,0.527955,0,14.6699,6,0,
14.8767,5.69885,0.524903,0,19.2555,6,0,
14.88,5.81207,0.526429,3.116,19.2555,6,0,
14.8833,5.86884,0.524903,3.116,19.2555,6,0,
14.8867,5.88013,0.526429,3.116,19.2555,6,0,
14.89,5.87463,0.529481,3.116,19.2555,6,0,
14.8933,5.85541,0.527955,3.116,19.2555,6,0,
14.8967,5.79102,0.527955,3.116,19.2555,6,0,
14.9,5.70374,0.526429,3.116,19.2555,6,0,
14.9033,5.61096,0.527955,3.116,19.2555,6,0,
14.9067,5.47913,0.524903,0,19.2555,6,0,
14.91,5.31128,0.527955,0,19.2555,6,0,
14.9133,5.14069,0.527955,0,19.2555,6,0,
14.9167,4.9292,0.526429,0,19.2555,6,0,
14.92,4.73877,0.526429,0,19.2555,6,0,
14.9233,4.63531,0.524903,3.212,19.2555,6,5,
14.9267,4.59106,0.527955,3.212,19.2555,6,5,
14.93,4.55688,0.524903,3.212,19.2555,6,5,
14.9333,4.51752,0.524903,3.212,19.2555,6,5,
14.9367,4.50348,0.527955,3.212,19.2555,6,0,
14.94,4.48822,0.527955,3.212,19.2555,6,0,
14.9433,4.45862,0.527955,3.212,19.2555,6,0,
14.9467,4.44946,0.531007,3.212,19.2555,6,0,
14.95,4.44427,0.526429,3.212,19.2555,6,0,
14.9533,4.43481,0.527955,3.212,19.2555,6,0,
14.9567,4.42993,0.527955,3.212,19.2555,6,0,
14.96,4.44946,0.527955,0,19.2555,6,0,
14.9633,4.50287,0.524903,0,19.2555,6,0,
14.9667,4.61609,0.531007,0,19.2555,6,0,
14.97,4.81232,0.527955,0,19.2555,6,5,
14.9733,4.96368,0.529481,0,19.2555,6,5,
14.9767,4.98871,0.526429,2.75,19.2555,6,5,
14.98,4.94843,0.524903,2.75,19.2555,6,5,
14.9833,4.89532,0.526429,2.75,19.2555,6,5,
14.9867,4.80774,0.527955,2.75,19.2555,6,5,
14.99,4.73328,0.527955,2.75,19.2555,6,5,
14.9933,4.68384,0.527955,2.75,19.2555,6,5,
14.9967,4.63501,0.527955,2.75,19.2555,6,5,
15,4.59656,0.529481,2.75,19.2555,6,5,
15.0033,4.5816,0.527955,2.75,19.2555,6,5,
15.0067,4.54193,0.526429,2.25,19.2555,6,5,
15.01,4.4931,0.524903,2.25,19.2555,6,5,
15.0133,4.49402,0.524903,0.364,19.2555,6,0,
15.0167,4.55658,0.527955,0.364,19.2555,6,0,
15.02,4.71405,0.524903,0.364,19.2555,6,0,
15.0233,5.02228,0.524903,0.364,19.2555,6,0,
15.0267,5.31128,0.527955,0.364,19.2555,6,0,
15.03,5.45929,0.531007,0.364,6.46273,6,0,
15.0333,5.48279,0.529481,0.708,6.46273,6,0,
15.0367,5.39978,0.523377,0.708,6.46273,6,0,
15.04,5.18311,0.529481,0.708,6.46273,6,0,
15.0433,4.93408,0.527955,0.708,6.46273,6,0,
15.0467,4.77814,0.526429,0.708,6.46273,6,0,
15.05,4.69421,0.524903,0.708,6.46273,6,0,
15.0533,4.63043,0.527955,0.708,6.46273,6,0,
15.0567,4.5813,0.524903,0.708,6.46273,6,0,
15.06,4.52789,0.526429,0.708,6.46273,6,0,
15.0633,4.51813,0.527955,2.256,6.46273,6,0,
15.0667,4.5755,0.524903,2.256,6.46273,6,0,
15.07,4.76898,0.523377,2.256,6.46273,6,0,
15.0733,5.03235,0.524903,2.256,6.46273,6,0,
15.0767,5.23224,0.526429,2.256,19.9071,6,0,
15.08,5.34088,0.526429,2.256,19.9071,6,0,
15.0833,5.33081,0.529481,0.7,19.9071,6,0,
15.0867,5.224,0.527955,0.7,19.9071,6,0,
15.09,5.02686,0.529481,0.7,19.9071,6,0,
15.0933,4.85077,0.526429,0.7,19.9071,6,0,
15.0967,4.75281,0.529481,0.7,19.9071,6,0,
15.1,4.68933,0.527955,0.7,19.9071,6,0,
15.1033,4.62555,0.527955,0.7,19.9071,6,0,
15.1067,4.59106,0.526429,0.7,19.9071,6,0,
15.11,4.57611,0.527955,0,19.9071,6,0,
15.1133,4.58588,0.526429,0,19.9071,6,0,
15.1167,4.63562,0.526429,0,19.9071,6,0,
15.12,4.81628,0.529481,0,19.9071,6,0,
15.1233,5.06195,0.529481,0,19.9071,6,0,
15.1267,5.25177,0.529481,0,19.8413,6,0,
15.13,5.32562,0.526429,3.028,19.8413,6,0,
15.1333,5.27649,0.529481,3.028,19.8413,6,0,
15.1367,5.15411,0.527955,3.028,19.8413,6,0,
15.14,4.97406,0.531007,3.028,19.8413,6,0,
15.1433,4.84711,0.526429,3.028,19.8413,6,0,
15.1467,4.76746,0.526429,3.028,19.8413,6,0,
15.15,4.70825,0.527955,3.028,19.8413,6,0,
15.1533,4.65515,0.527955,3.028,19.8413,6,0,
15.1567,4.63074,0.526429,3.028,19.8413,6,0,
15.16,4.63531,0.524903,0,19.8413,6,0,
15.1633,4.67957,0.526429,0,19.8413,6,0,
15.1667,4.82574,0.524903,0,19.8413,6,0,
15.17,5.08972,0.527955,0,19.8413,6,0,
15.1733,5.32654,0.523377,0,19.8413,6,0,
15.1767,5.41443,0.526429,2.784,19.9203,6,0,
15.18,5.36987,0.529481,2.784,19.9203,6,0,
15.1833,5.24261,0.527955,2.784,19.9203,6,0,
15.1867,5.06683,0.527955,2.784,19.9203,6,0,
15.19,4.88007,0.529481,2.784,19.9203,6,0,
15.1933,4.76715,0.527955,2.784,19.9203,6,0,
15.1967,4.71893,0.526429,2.784,19.9203,6,0,
15.2,4.66949,0.526429,2.784,19.9203,6,0,
15.2033,4.62524,0.527955,2.784,19.9203,6,0,
15.2067,4.61578,0.531007,0,19.9203,6,0,
15.21,4.65485,0.527955,0,19.9203,6,0,
15.2133,4.74274,0.523377,0,19.9203,6,0,
15.2167,4.91547,0.527955,0,19.9203,6,0,
15.22,5.11536,0.526429,0,19.9203,6,0,
15.2233,5.24231,0.524903,0,19.9203,6,0,
15.2267,5.18829,0.529481,2.966,19.9203,6,0,
15.23,5.02747,0.526429,2.966,19.9203,6,0,
15.2333,4.87946,0.527955,2.966,19.9203,6,0,
15.2367,4.76746,0.531007,2.966,19.9203,6,0,
15.24,4.68445,0.526429,2.966,19.9203,6,0,
15.2433,4.65515,0.527955,2.966,19.9203,6,0,
15.2467,4.6402,0.527955,2.966,19.9203,6,0,
15.25,4.63989,0.526429,2.966,19.9203,6,0,
15.2533,4.66949,0.524903,2.966,19.9203,6,0,
15.2567,4.79279,0.527955,0,12.3355,6,0,
15.26,4.96674,0.529481,0,12.3355,6,0,
15.2633,5.10132,0.526429,0,12.3355,6,0,
15.2667,5.19287,0.527955,0,12.3355,6,0,
15.27,5.18341,0.524903,2.378,12.3355,6,0,
15.2733,5.05157,0.540162,2.378,12.3355,6,0,
15.2767,4.89014,0.538636,2.378,12.3355,6,0,
15.28,4.78729,0.53711,2.378,12.3355,6,0,
15.2833,4.71313,0.538636,2.378,12.3355,6,0,
15.2867,4.65515,0.550843,2.378,12.3355,6,0,
15.29,4.62524,0.540162,2.378,12.3355,6,0,
15.2933,4.66003,0.53711,2.378,12.3355,6,0,
15.2967,4.74792,0.535584,0,12.3355,6,0,
15.3,4.91913,0.538636,0,12.3355,6,0,
15.3033,5.11078,0.538636,0,12.3355,6,5,
15.3067,5.20325,0.538636,2.55,19.7759,6,5,
15.31,5.16418,0.549317,2.55,19.7759,6,5,
15.3133,5.03662,0.579835,2.55,19.7759,6,5,
15.3167,4.87213,0.576783,2.55,19.7759,6,5,
15.32,4.71832,0.575257,2.55,19.7759,6,5,
15.3233,4.60602,0.576783,2.55,19.7759,6,5,
15.3267,4.54712,0.576783,2.55,19.7759,6,5,
15.33,4.45435,0.578309,2.55,19.7759,6,5,
15.3333,4.4104,0.576783,2.55,19.7759,6,5,
15.3367,4.52728,0.572206,2.55,19.7759,6,0,
15.34,4.71863,0.576783,0,19.7759,6,0,
15.3433,4.9295,0.573731,0,19.7759,6,0,
15.3467,5.14984,0.573731,0,19.7759,6,5,
15.35,5.28168,0.578309,0,19.7759,6,5,
15.3533,5.23285,0.579835,2.63,19.7759,6,5,
15.3567,5.11108,0.575257,2.63,19.7759,6,5,
15.36,4.96094,0.575257,2.63,19.7759,6,5,
15.3633,4.80194,0.575257,2.63,19.7759,6,5,
15.3667,4.66431,0.575257,2.63,19.7759,6,0,
15.37,4.58649,0.573731,2.63,19.7759,6,0,
15.3733,4.55231,0.575257,2.63,19.7759,6,0,
15.3767,4.59106,0.576783,2.63,19.7759,6,0,
15.38,4.76318,0.576783,2.63,19.7759,6,0,
15.3833,4.97833,0.573731,0,19.7759,6,0,
15.3867,5.14435,0.575257,0,19.7759,6,0,
15.39,5.3064,0.578309,0,19.7759,6,0,
15.3933,5.34058,0.573731,2.226,13.1291,6,0,
15.3967,5.2182,0.576783,2.226,13.1291,6,0,
15.4,5.03754,0.579835,2.226,13.1291,6,0,
15.4033,4.89471,0.578309,2.226,13.1291,6,0,
15.4067,4.7876,0.576783,2.226,13.1291,6,0,
15.41,4.70398,0.581361,2.226,13.1291,6,0,
15.4133,4.66034,0.576783,2.226,13.1291,6,0,
15.4167,4.64569,0.576783,2.226,13.1291,6,0,
15.42,4.6698,0.575257,0,13.1291,6,0,
15.4233,4.74792,0.573731,0,13.1291,6,0,
15.4267,4.96857,0.575257,0,13.1291,6,0,
15.43,5.22827,0.576783,0,13.1291,6,0,
15.4333,5.41931,0.575257,0,13.1291,6,0,
15.4367,5.48706,0.578309,2.84,19.9867,6,0,
15.44,5.42908,0.573731,2.84,19.9867,6,0,
15.4433,5.24719,0.578309,2.84,19.9867,6,0,
15.4467,5.01251,0.575257,2.84,19.9867,6,0,
15.45,4.86084,0.576783,2.84,19.9867,6,0,
15.4533,4.78271,0.576783,2.84,19.9867,6,0,
15.4567,4.71558,0.576783,2.84,19.9867,6,0,
15.46,4.66461,0.575257,2.84,19.9867,6,0,
15.4633,4.63959,0.587464,2.84,19.9867,6,0,
15.4667,4.6405,0.585938,0,19.9867,6,0,
15.47,4.65515,0.58899,0,19.9867,6,0,
15.4733,4.75281,0.58899,0,19.9867,6,0,
15.4767,4.93408,0.58899,0,19.9867,6,0,
15.48,5.09064,0.585938,0,19.9867,6,0,
15.4833,5.1889,0.585938,0,19.9867,6,0,
15.4867,5.2771,0.585938,0,19.9867,6,0,
15.49,5.27222,0.58899,2.842,19.9867,6,0,
15.4933,5.14984,0.592042,2.842,19.9867,6,0,
15.4967,4.99786,0.58899,2.842,19.9867,6,0,
15.5,4.88525,0.587464,2.842,19.9867,6,0,
15.5033,4.79248,0.590516,2.842,19.9867,6,0,
15.5067,4.71344,0.58899,2.842,19.9867,6,0,
15.51,4.67438,0.58899,2.842,19.9867,6,0,
15.5133,4.68903,0.585938,2.842,19.9867,6,0,
15.5167,4.7403,0.593568,0,19.9867,6,0,
15.52,4.87091,0.587464,0,19.9867,6,5,
15.5233,5.03754,0.587464,0,19.9867,6,5,
15.5267,5.14435,0.587464,0,11.1276,6,5,
15.53,5.20386,0.592042,0,11.1276,6,5,
15.5333,5.19958,0.601197,2.712,11.1276,6,5,
15.5367,5.09552,0.599671,2.712,11.1276,6,5,
15.54,4.93439,0.601197,2.712,11.1276,6,5,
15.5433,4.82513,0.601197,2.712,11.1276,6,5,
15.5467,4.74792,0.601197,2.712,11.1276,6,5,
15.55,4.6698,0.601197,2.712,11.1276,6,5,
15.5533,4.62128,0.598145,2.712,11.1276,6,5,
15.5567,4.60602,0.602723,2.712,11.1276,6,5,
15.56,4.66888,0.599671,0,11.1276,6,5,
15.5633,4.85107,0.61493,0,11.1276,6,5,
15.5667,5.03174,0.616456,0,11.1276,6,5,
15.57,5.14954,0.613404,0,11.1276,6,5,
15.5733,5.23804,0.611878,0,19.9867,6,5,
15.5767,5.20386,0.62256,2.546,19.9867,6,5,
15.58,5.07141,0.624085,2.546,19.9867,6,5,
15.5833,4.93988,0.636292,2.546,19.9867,6,5,
15.5867,4.82208,0.651551,2.546,19.9867,6,5,
15.59,4.70917,0.675965,2.546,19.9867,6,5,
15.5933,4.6405,0.674439,2.546,19.9867,6,0,
15.5967,4.60175,0.697328,2.546,19.9867,6,0,
15.6,4.60114,0.724793,2.546,19.9867,6,0,
15.6033,4.70367,0.732423,0,19.9867,6,0,
15.6067,4.8999,0.747682,0,19.9867,6,0,
15.61,5.0766,0.746156,0,19.9867,6,0,
15.6133,5.19379,0.77057,0,19.9867,6,0,
15.6167,5.25238,0.772096,2.592,19.9867,6,0,
15.62,5.21301,0.794984,2.592,19.9867,6,0,
15.6233,5.06256,0.798036,2.592,19.9867,6,0,
15.6267,4.89502,0.808717,2.592,19.9867,6,0,
15.63,4.78668,0.820924,2.592,19.9867,6,0,
15.6333,4.71405,0.808717,2.592,19.9867,6,0,
15.6367,4.65546,0.807191,2.592,19.9867,6,0,
15.64,4.65546,0.807191,2.592,19.9867,6,0,
15.6433,4.76807,0.811769,2.592,19.9867,7,0,
15.6467,4.92462,0.807191,0,19.9867,7,0,
15.65,5.09033,0.808717,0,19.9867,7,0,
15.6533,5.27618,0.807191,0,19.9867,7,0,
15.6567,5.35004,0.801087,2.624,12.605,7,0,
15.66,5.25757,0.798036,2.624,12.605,7,0,
15.6633,5.11108,0.79651,2.624,12.605,7,0,
15.6667,4.95392,0.79651,2.624,12.605,7,0,
15.67,4.80133,0.798036,2.624,12.605,7,0,
15.6733,4.66461,0.782777,2.624,12.605,7,0,
15.6767,4.5816,0.785829,2.624,12.605,7,0,
15.68,4.52209,0.784303,2.624,12.605,7,0,
15.6833,4.52698,0.781251,2.624,12.605,7,0,
15.6867,4.65942,0.787354,2.624,12.605,7,0,
15.69,4.90417,0.785829,0,12.605,7,0,
15.6933,5.11108,0.784303,0,12.605,7,0,
15.6967,5.26733,0.784303,0,12.605,7,5,
15.7,5.30182,0.772096,2.304,12.605,7,5,
15.7033,5.15015,0.772096,2.304,12.605,7,5,
15.7067,4.92065,0.77057,2.304,12.605,7,5,
15.71,4.74304,0.77057,2.304,12.605,7,5,
15.7133,4.62036,0.77057,2.304,12.605,7,5,
15.7167,4.52728,0.77057,2.304,12.605,7,5,
15.72,4.47388,0.775147,2.304,12.605,7,5,
15.7233,4.46838,0.769044,2.304,12.605,7,5,
15.7267,4.57184,0.773622,0,12.605,7,5,
15.73,4.841,0.772096,0,12.605,7,5,
15.7333,5.1297,0.773622,0,12.605,7,5,
15.7367,5.34515,0.773622,0,12.605,7,5,
15.74,5.46875,0.773622,0,12.4069,7,5,
15.7433,5.43457,0.772096,2.532,12.4069,7,5,
15.7467,5.27191,0.772096,2.532,12.4069,7,5,
15.75,5.11993,0.772096,2.532,12.4069,7,5,
15.7533,4.97803,0.77057,2.532,12.4069,7,5,
15.7567,4.85596,0.782777,2.532,12.4069,7,5,
15.76,4.76776,0.787354,2.532,12.4069,7,5,
15.7633,4.73877,0.784303,2.532,12.4069,7,5,
15.7667,4.72839,0.787354,2.532,12.4069,7,5,
15.77,4.74823,0.787354,0,12.4069,7,5,
15.7733,4.86603,0.773622,0,12.4069,7,0,
15.7767,5.0473,0.772096,0,12.4069,7,0,
15.78,5.21851,0.77057,0,12.4069,7,0,
15.7833,5.37994,0.773622,0,12.4069,7,0,
15.7867,5.42419,0.77057,2.66,12.4069,7,0,
15.79,5.336,0.769044,2.66,12.4069,7,0,
15.7933,5.1886,0.772096,2.66,12.4069,7,0,
15.7967,5.06744,0.772096,2.66,12.4069,7,0,
15.8,4.95941,0.772096,2.66,12.4069,7,0,
15.8033,4.84131,0.772096,2.66,12.4069,7,0,
15.8067,4.75769,0.772096,2.66,12.4069,7,0,
15.81,4.71863,0.772096,2.66,12.4069,7,0,
15.8133,4.70398,0.772096,0,12.4069,7,0,
15.8167,4.72382,0.77057,0,12.4069,7,0,
15.82,4.85016,0.772096,0,12.4069,7,0,
15.8233,5.04211,0.76294,0,11.1111,7,0,
15.8267,5.19897,0.759889,0,11.1111,7,0,
15.83,5.33142,0.759889,0,11.1111,7,0,
15.8333,5.37994,0.761415,2.796,11.1111,7,0,
15.8367,5.32623,0.76294,2.796,11.1111,7,0,
15.84,5.17883,0.759889,2.796,11.1111,7,0,
15.8433,5.02869,0.76294,2.796,11.1111,7,0,
15.8467,4.8996,0.759889,2.796,11.1111,7,0,
15.85,4.7876,0.759889,2.796,11.1111,7,0,
15.8533,4.71344,0.759889,2.796,11.1111,7,0,
15.8567,4.68414,0.761415,2.796,11.1111,7,0,
15.86,4.69421,0.76294,0,11.1111,7,0,
15.8633,4.72839,0.76294,0,11.1111,7,0,
15.8667,4.85138,0.747682,0,11.1111,7,0,
15.87,5.05035,0.747682,0,11.1111,7,0,
15.8733,5.20844,0.746156,0,11.1111,7,0,
15.8767,5.31555,0.749207,0,19.9468,7,0,
15.88,5.34607,0.749207,2.766,19.9468,7,5,
15.8833,5.25757,0.747682,2.766,19.9468,7,5,
15.8867,5.08575,0.747682,2.766,19.9468,7,5,
15.89,4.94934,0.747682,2.766,19.9468,7,5,
15.8933,4.85596,0.747682,2.766,19.9468,7,5,
15.8967,4.77783,0.747682,2.766,19.9468,7,5,
15.9,4.73846,0.750733,2.766,19.9468,7,5,
15.9033,4.72809,0.746156,2.766,19.9468,7,5,
15.9067,4.73816,0.750733,0,19.9468,7,5,
15.91,4.80652,0.749207,0,19.9468,7,5,
15.9133,5.00824,0.746156,0,19.9468,7,0,
15.9167,5.26672,0.735475,0,19.9468,7,0,
15.92,5.51056,0.737,0,19.9468,7,0,
15.9233,5.68451,0.735475,0,19.9468,7,5,
15.9267,5.81573,0.735475,0,19.9468,7,5,
15.93,5.91309,0.733949,2.88,19.9867,7,5,
15.9333,5.99762,0.738526,2.88,19.9867,7,5,
15.9367,6.0907,0.737,2.88,19.9867,7,5,
15.94,6.19751,0.737,2.88,19.9867,7,5,
15.9433,6.28113,0.735475,2.88,19.9867,7,5,
15.9467,6.34033,0.733949,2.88,19.9867,7,5,
15.95,6.38428,0.732423,2.88,19.9867,7,5,
15.9533,6.44226,0.737,2.88,19.9867,7,5,
15.9567,6.46301,0.733949,0,19.9867,7,0,
15.96,6.35437,0.733949,0,19.9867,7,0,
15.9633,6.18408,0.735475,0,19.9867,7,0,
15.9667,5.9964,0.737,0,19.9867,7,0,
15.97,5.85968,0.737,0,19.9867,7,0,
15.9733,5.76172,0.735475,0,19.9867,7,0,
15.9767,5.64423,0.737,0,19.9867,7,0,
15.98,5.49866,0.737,0,19.9867,7,0,
15.9833,5.3299,0.737,0,19.9867,7,0,
15.9867,5.1889,0.735475,0,19.9867,7,0,
15.99,5.06134,0.737,4.304,19.9867,7,0,
15.9933,4.89929,0.737,4.304,19.9867,7,0,
15.9967,4.76776,0.735475,4.304,19.9867,7,0,
16,4.71375,0.733949,4.304,19.9867,7,0,
16.0033,4.70917,0.735475,4.304,19.9867,7,0,
16.0067,4.69421,0.732423,4.304,19.9867,7,0,
16.01,4.66003,0.735475,4.304,19.9867,7,0,
16.0133,4.64539,0.733949,4.304,19.9867,7,0,
16.0167,4.65057,0.733949,4.304,19.9867,7,0,
16.02,4.65576,0.735475,4.304,19.9867,7,0,
16.0233,4.64081,0.733949,4.304,19.9867,7,0,
16.0267,4.62067,0.727845,1.416,19.9867,7,0,
16.03,4.6167,0.737,1.416,19.9867,7,0,
16.0333,4.63562,0.723268,1.416,19.9867,7,0,
16.0367,4.70367,0.723268,1.416,19.9867,7,0,
16.04,4.7821,0.727845,1.416,19.9867,7,0,
16.0433,4.88098,0.721742,1.416,8.31716,7,0,
16.0467,5.02258,0.724793,1.416,8.31716,7,0,
16.05,5.08209,0.720216,1.416,8.31716,7,0,
16.0533,5.00275,0.724793,1.156,8.31716,7,0,
16.0567,4.88525,0.724793,1.156,8.31716,7,0,
16.06,4.81232,0.726319,1.156,8.31716,7,0,
16.0633,4.76776,0.723268,1.156,8.31716,7,0,
16.0667,4.71405,0.723268,1.156,8.31716,7,0,
16.07,4.69452,0.712586,1.156,8.31716,7,0,
16.0733,4.70428,0.712586,1.156,8.31716,7,0,
16.0767,4.71924,0.712586,1.156,8.31716,7,0,
16.08,4.71863,0.709535,1.156,8.31716,7,0,
16.0833,4.72351,0.712586,0,8.31716,7,0,
16.0867,4.7229,0.712586,0,8.31716,7,0,
16.09,4.72321,0.709535,2.498,8.31716,7,0,
16.0933,4.71863,0.714112,2.498,8.31716,7,0,
16.0967,4.71832,0.711061,0.462,8.31716,7,5,
16.1,4.6991,0.711061,0.462,8.31716,7,5,
16.1033,4.67468,0.712586,0.438,8.31716,7,5,
16.1067,4.66461,0.714112,0.438,8.31716,7,5,
16.11,4.65485,0.709535,0.332,8.31716,7,5,
16.1133,4.64539,0.712586,0.332,8.31716,7,5,
16.1167,4.64539,0.697328,0.332,8.31716,7,5,
16.12,4.68018,0.698853,0.332,8.31716,7,5,
16.1233,4.76288,0.711061,0.332,8.31716,7,5,
16.1267,4.90906,0.700379,0.332,8.31716,7,0,
16.13,5.07751,0.697328,0.332,8.31716,7,0,
16.1333,5.15015,0.697328,0.332,11.6505,7,0,
16.1367,5.08545,0.701905,1.182,11.6505,7,0,
16.14,4.98322,0.697328,1.182,11.6505,7,0,
16.1433,4.88525,0.701905,1.182,11.6505,7,0,
16.1467,4.80713,0.697328,1.182,11.6505,7,0,
16.15,4.77753,0.700379,1.182,11.6505,7,0,
16.1533,4.77783,0.698853,1.182,11.6505,7,0,
16.1567,4.76227,0.703431,1.182,11.6505,7,0,
16.16,4.72382,0.695802,1.182,11.6505,7,0,
16.1633,4.6994,0.697328,1.182,11.6505,7,0,
16.1667,4.6994,0.697328,0,11.6505,7,0,
16.17,4.70917,0.701905,0,11.6505,7,0,
16.1733,4.71344,0.700379,0,11.6505,7,0,
16.1767,4.74823,0.685121,0,11.6505,7,0,
16.18,4.86115,0.685121,0,11.6505,7,0,
16.1833,5.01129,0.688172,0,11.6505,7,0,
16.1867,5.13458,0.688172,0,18.5414,7,0,
16.19,5.17914,0.686646,3.236,18.5414,7,0,
16.1933,5.14496,0.688172,3.236,18.5414,7,0,
16.1967,5.05157,0.686646,3.236,18.5414,7,0,
16.2,4.9588,0.688172,3.236,18.5414,7,0,
16.2033,4.87061,0.682069,3.236,18.5414,7,0,
16.2067,4.83643,0.688172,3.236,18.5414,7,0,
16.21,4.82361,0.683595,3.236,18.5414,7,0,
16.2133,4.80194,0.688172,3.236,18.5414,7,0,
16.2167,4.77722,0.689698,3.236,18.5414,7,0,
16.22,4.76746,0.685121,0,18.5414,7,0,
16.2233,4.76776,0.683595,2.4,18.5414,7,0,
16.2267,4.75372,0.685121,2.4,18.5414,7,0,
16.23,4.72412,0.685121,2.4,18.5414,7,0,
16.2333,4.758,0.686646,0.6,18.5414,7,0,
16.2367,4.87091,0.672914,0.6,18.9394,7,0,
16.24,5.01648,0.677491,0.6,18.9394,7,0,
16.2433,5.12939,0.674439,0.6,18.9394,7,0,
16.2467,5.22308,0.674439,0.6,18.9394,7,0,
16.25,5.21759,0.672914,0.376,18.9394,7,0,
16.2533,5.10468,0.674439,0.376,18.9394,7,0,
16.2567,4.96429,0.675965,0.376,18.9394,7,0,
16.26,4.87091,0.679017,0.376,18.9394,7,0,
16.2633,4.83643,0.674439,0.376,18.9394,7,0,
16.2667,4.81689,0.672914,0.376,18.9394,7,0,
16.27,4.76776,0.674439,0.376,18.9394,7,0,
16.2733,4.73328,0.671388,0.376,18.9394,7,0,
16.2767,4.72321,0.675965,0,18.9394,7,0,
16.28,4.72351,0.672914,0,18.9394,7,0,
16.2833,4.70398,0.677491,0.334,18.9394,7,0,
16.2867,4.68994,0.675965,0.334,18.9394,7,0,
16.29,4.7287,0.662232,0.334,18.1269,7,0,
16.2933,4.84161,0.665284,0.334,18.1269,7,0,
16.2967,4.96735,0.660706,0.334,18.1269,7,0,
16.3,5.12512,0.665284,0.334,18.1269,7,0,
16.3033,5.35034,0.660706,0.334,18.1269,7,0,
16.3067,5.50262,0.665284,0.334,18.1269,7,0,
16.31,5.51178,0.665284,1.198,18.1269,7,0,
16.3133,5.39917,0.662232,1.198,18.1269,7,0,
16.3167,5.26154,0.662232,1.198,18.1269,7,0,
16.32,5.11139,0.663758,1.198,18.1269,7,0,
16.3233,4.97803,0.662232,1.198,18.1269,7,0,
16.3267,4.90082,0.665284,1.198,18.1269,7,0,
16.33,4.87122,0.662232,1.198,18.1269,7,0,
16.3333,4.84619,0.662232,1.198,18.1269,7,0,
16.3367,4.79675,0.663758,1.198,18.1269,7,0,
16.34,4.74792,0.663758,2.252,18.1269,7,0,
16.3433,4.74335,0.660706,2.252,18.1269,7,0,
16.3467,4.77112,0.662232,2.252,18.4729,7,0,
16.35,4.84619,0.663758,2.252,18.4729,7,0,
16.3533,4.94965,0.660706,2.252,18.4729,7,0,
16.3567,5.11078,0.650025,2.252,18.4729,7,0,
16.36,5.26215,0.650025,2.252,18.4729,7,0,
16.3633,5.24811,0.650025,1.074,18.4729,7,0,
16.3667,5.06805,0.650025,1.074,18.4729,7,0,
16.37,4.90021,0.648499,1.074,18.4729,7,0,
16.3733,4.81171,0.648499,1.074,18.4729,7,0,
16.3767,4.77234,0.651551,1.074,18.4729,7,0,
16.38,4.7287,0.651551,1.074,18.4729,7,0,
16.3833,4.68933,0.653077,1.074,18.4729,7,0,
16.3867,4.66949,0.650025,1.074,18.4729,7,0,
16.39,4.67438,0.648499,1.074,18.4729,7,0,
16.3933,4.67499,0.648499,1.074,18.4729,7,0,
16.3967,4.6701,0.653077,2.254,19.4301,7,0,
16.4,4.67926,0.650025,2.254,19.4301,7,0,
16.4033,4.75311,0.651551,2.254,19.4301,7,0,
16.4067,4.88464,0.648499,2.254,19.4301,7,0,
16.41,5.02228,0.648499,2.254,19.4301,7,0,
16.4133,5.18402,0.636292,2.254,19.4301,7,0,
16.4167,5.32104,0.639344,2.254,19.4301,7,0,
16.42,5.36499,0.636292,2.254,19.4301,7,0,
16.4233,5.27832,0.637818,1.076,19.4301,7,0,
16.4267,5.14465,0.637818,1.076,19.4301,7,0,
16.43,5.03662,0.637818,1.076,19.4301,7,0,
16.4333,4.94904,0.637818,1.076,19.4301,7,0,
16.4367,4.88556,0.637818,1.076,19.4301,7,0,
16.44,4.84161,0.637818,1.076,19.4301,7,0,
16.4433,4.83124,0.637818,1.076,19.4301,7,0,
16.4467,4.82635,0.639344,1.076,19.4301,7,0,
16.45,4.80774,0.637818,1.076,19.5312,7,0,
16.4533,4.79187,0.636292,2.28,19.5312,7,0,
16.4567,4.79736,0.639344,2.28,19.5312,7,0,
16.46,4.80682,0.639344,2.28,19.5312,7,0,
16.4633,4.81171,0.636292,2.28,19.5312,7,0,
16.4667,4.82147,0.636292,2.28,19.5312,7,0,
16.47,4.87091,0.637818,2.28,19.5312,7,0,
16.4733,4.96918,0.639344,2.28,19.5312,7,0,
16.4767,5.09094,0.637818,2.28,19.5312,7,0,
16.48,5.16968,0.639344,2.28,19.5312,7,0,
16.4833,5.18372,0.636292,2.28,19.5312,7,0,
16.4867,5.14496,0.624085,1.502,19.5312,7,0,
16.49,5.06165,0.627137,1.502,19.5312,7,0,
16.4933,4.97406,0.625611,1.502,19.5312,7,0,
16.4967,4.90906,0.624085,1.502,19.5312,7,0,
16.5,4.88617,0.624085,1.502,19.4553,7,0,
16.5033,4.88068,0.628663,1.502,19.4553,7,0,
16.5067,4.87122,0.624085,1.502,19.4553,7,0,
16.51,4.84772,0.627137,1.502,19.4553,7,0,
16.5133,4.83673,0.624085,0,19.4553,7,0,
16.5167,4.83643,0.625611,0,19.4553,7,0,
16.52,4.8407,0.625611,0,19.4553,7,0,
16.5233,4.86053,0.62256,0,19.4553,7,0,
16.5267,4.93866,0.627137,0,19.4553,7,0,
16.53,5.07172,0.621034,0,19.4553,7,0,
16.5333,5.21301,0.625611,0,19.4553,7,0,
16.5367,5.29205,0.627137,3.144,19.4553,7,0,
16.54,5.28748,0.625611,3.144,19.4553,7,0,
16.5433,5.21423,0.624085,3.144,19.4553,7,0,
16.5467,5.11078,0.625611,3.144,19.4553,7,0,
16.55,4.99268,0.625611,3.144,19.4553,7,0,
16.5533,4.92432,0.627137,3.144,19.4553,7,0,
16.5567,4.89532,0.628663,3.144,17.7096,7,0,
16.56,4.87549,0.621034,3.144,17.7096,7,0,
16.5633,4.84589,0.625611,3.144,17.7096,7,0,
16.5667,4.82574,0.627137,2.264,17.7096,7,0,
16.57,4.82147,0.625611,2.264,17.7096,7,0,
16.5733,4.82178,0.624085,2.264,17.7096,7,0,
16.5767,4.82147,0.625611,2.264,17.7096,7,0,
16.58,4.86572,0.625611,2.264,17.7096,7,0,
16.5833,4.9585,0.624085,2.264,17.7096,7,0,
16.5867,5.09155,0.627137,2.264,17.7096,7,0,
16.59,5.18921,0.627137,2.264,17.7096,7,0,
16.5933,5.19867,0.627137,1.148,17.7096,7,0,
16.5967,5.15015,0.625611,1.148,17.7096,7,0,
16.6,5.04791,0.625611,1.148,17.7096,7,0,
16.6033,4.93866,0.62256,1.148,17.7096,7,0,
16.6067,4.84589,0.624085,1.148,17.7096,7,0,
16.61,4.79675,0.610352,1.148,17.9856,7,0,
16.6133,4.77783,0.613404,1.148,17.9856,7,0,
16.6167,4.75311,0.610352,1.148,17.9856,7,0,
16.62,4.71405,0.617982,1.148,17.9856,7,0,
16.6233,4.7049,0.613404,0,17.9856,7,0,
16.6267,4.75281,0.61493,0,17.9856,7,0,
16.63,4.85626,0.610352,0,17.9856,7,0,
16.6333,4.96216,0.613404,0,17.9856,7,0,
16.6367,5.06622,0.61493,0,17.9856,7,0,
16.64,5.20813,0.611878,0,17.9856,7,0,
16.6433,5.29297,0.61493,3.25,17.9856,7,0,
16.6467,5.23285,0.611878,3.25,17.9856,7,0,
16.65,5.0824,0.611878,3.25,17.9856,7,0,
16.6533,4.96368,0.610352,3.25,17.9856,7,0,
16.6567,4.88068,0.611878,3.25,17.9856,7,0,
16.66,4.81659,0.610352,3.25,17.9856,7,0,
16.6633,4.74854,0.613404,3.25,17.9856,7,0,
16.6667,4.71313,0.613404,3.25,17.9856,7,0,
16.67,4.70398,0.613404,3.25,17.9856,7,0,
16.6733,4.70398,0.611878,3.25,17.9856,7,0,
16.6767,4.6991,0.613404,3.25,16.6113,7,0,
16.68,4.72382,0.616456,0,16.6113,7,0,
16.6833,4.81659,0.611878,0,16.6113,7,0,
16.6867,4.94873,0.61493,0,16.6113,7,0,
16.69,5.05737,0.610352,0,16.6113,7,0,
16.6933,5.14465,0.61493,0,16.6113,7,0,
16.6967,5.159,0.616456,2.72,16.6113,7,0,
16.7,5.08087,0.613404,2.72,16.6113,7,0,
16.7033,4.96857,0.616456,2.72,16.6113,7,0,
16.7067,4.88556,0.611878,2.72,16.6113,7,0,
16.71,4.85626,0.611878,2.72,16.6113,7,0,
16.7133,4.84161,0.611878,2.72,16.6113,7,0,
16.7167,4.80225,0.616456,2.72,16.6113,7,0,
16.72,4.76807,0.610352,2.72,16.6113,7,0,
16.7233,4.75861,0.613404,0,19.9203,7,0,
16.7267,4.76746,0.613404,0,19.9203,7,0,
16.73,4.78302,0.61493,0,19.9203,7,0,
16.7333,4.83093,0.613404,0,19.9203,7,0,
16.7367,4.93408,0.613404,0,19.9203,7,0,
16.74,5.06744,0.61493,0,19.9203,7,0,
16.7433,5.15503,0.611878,0,19.9203,7,0,
16.7467,5.16449,0.601197,3.236,19.9203,7,0,
16.75,5.11475,0.604249,3.236,19.9203,7,0,
16.7533,5.02655,0.613404,3.236,19.9203,7,0,
16.7567,4.94019,0.601197,3.236,19.9203,7,0,
16.76,4.88007,0.601197,3.236,19.9203,7,0,
16.7633,4.85168,0.599671,3.236,19.9203,7,0,
16.7667,4.82574,0.602723,3.236,19.9203,7,0,
16.77,4.78241,0.604249,3.236,19.9203,7,0,
16.7733,4.75372,0.602723,3.236,19.6721,7,0,
16.7767,4.7525,0.601197,0,19.6721,7,0,
16.78,4.79279,0.599671,0,19.6721,7,0,
16.7833,4.85565,0.599671,0,19.6721,7,0,
16.7867,4.96826,0.602723,0,19.6721,7,0,
16.79,5.14374,0.602723,0,19.6721,7,0,
16.7933,5.34515,0.604249,0,19.6721,7,0,
16.7967,5.48309,0.601197,0,19.6721,7,0,
16.8,5.52673,0.604249,3.202,19.6721,7,0,
16.8033,5.49225,0.602723,3.202,19.6721,7,0,
16.8067,5.40436,0.604249,3.202,19.6721,7,0,
16.81,5.28717,0.604249,3.202,19.6721,7,0,
16.8133,5.16937,0.602723,3.202,19.6721,7,0,
16.8167,5.10101,0.599671,3.202,19.6721,7,0,
16.82,5.06653,0.599671,3.202,19.6721,7,0,
16.8233,5.02258,0.604249,3.202,19.9867,7,0,
16.8267,4.9588,0.602723,3.202,19.9867,7,0,
16.83,4.91394,0.601197,2.278,19.9867,7,0,
16.8333,4.87549,0.599671,2.278,19.9867,7,0,
16.8367,4.82635,0.602723,0.332,19.9867,7,0,
16.84,4.76318,0.599671,0.332,19.9867,7,0,
16.8433,4.74304,0.602723,0.332,19.9867,7,0,
16.8467,4.78729,0.602723,0.332,19.9867,7,0,
16.85,4.87518,0.602723,0.332,19.9867,7,0,
16.8533,4.96002,0.601197,0.332,19.9867,7,0,
16.8567,5.06226,0.601197,0.332,19.9867,7,0,
16.86,5.16449,0.599671,0.332,19.9867,7,0,
16.8633,5.18402,0.602723,1.182,19.9867,7,0,
16.8667,5.08087,0.602723,1.182,19.9867,7,0,
16.87,4.9588,0.605775,1.182,19.9867,7,0,
16.8733,4.89502,0.599671,1.182,19.9867,7,0,
16.8767,4.87152,0.599671,1.182,18.6335,7,0,
16.88,4.84619,0.601197,1.182,18.6335,7,0,
16.8833,4.8175,0.601197,1.182,18.6335,7,0,
16.8867,4.80743,0.602723,1.182,18.6335,7,0,
16.89,4.80316,0.601197,1.182,18.6335,7,0,
16.8933,4.76776,0.601197,0,18.6335,7,0,
16.8967,4.74304,0.598145,2.358,18.6335,7,0,
16.9,4.78729,0.601197,2.358,18.6335,7,0,
16.9033,4.88556,0.599671,2.358,18.6335,7,0,
16.9067,4.9881,0.599671,2.358,18.6335,7,0,
16.91,5.06653,0.602723,2.358,18.6335,7,0,
16.9133,5.13031,0.598145,2.358,18.6335,7,0,
16.9167,5.13031,0.602723,0.658,18.6335,7,0,
16.92,5.05249,0.602723,0.658,18.6335,7,0,
16.9233,4.95941,0.599671,0.658,18.6335,7,0,
16.9267,4.90021,0.598145,0.658,19.1693,7,0,
16.93,4.87579,0.605775,0.658,19.1693,7,0,
16.9333,4.841,0.601197,0.658,19.1693,7,0,
16.9367,4.79156,0.602723,0.658,19.1693,7,0,
16.94,4.76379,0.598145,0.658,19.1693,7,0,
16.9433,4.75281,0.598145,0,19.1693,7,0,
16.9467,4.73358,0.602723,2.284,19.1693,7,0,
16.95,4.72382,0.601197,2.284,19.1693,7,0,
16.9533,4.77295,0.601197,2.284,19.1693,7,0,
16.9567,4.87518,0.602723,2.284,19.1693,7,0,
16.96,4.98322,0.599671,2.284,19.1693,7,0,
16.9633,5.06683,0.601197,2.284,19.1693,7,0,
16.9667,5.13977,0.602723,2.284,19.1693,7,0,
16.97,5.13519,0.599671,0.818,19.1693,7,0,
16.9733,5.04028,0.601197,0.818,19.1693,7,0,
16.9767,4.92981,0.602723,0.818,19.1693,7,0,
16.98,4.86145,0.59662,0.818,19.1693,7,0,
16.9833,4.81201,0.601197,0.818,19.1693,7,0,
16.9867,4.74609,0.598145,0.818,19.1693,7,0,
16.99,4.67468,0.602723,0.818,19.1693,7,0,
16.9933,4.64539,0.601197,0.818,15.456,7,0,
16.9967,4.64142,0.58899,0,15.456,7,0,
17,4.64996,0.58899,0,15.456,7,0,
17.0033,4.66919,0.585938,0,15.456,7,0,
17.0067,4.76257,0.587464,0,15.456,7,0,
17.01,4.94934,0.587464,0,15.456,7,0,
17.0133,5.14435,0.587464,0,15.456,7,0,
17.0167,5.25513,0.58899,0,15.456,7,0,
17.02,5.23224,0.58899,3.044,15.456,7,0,
17.0233,5.14008,0.587464,3.044,15.456,7,0,
17.0267,5.01282,0.590516,3.044,15.456,7,0,
17.03,4.87549,0.58899,3.044,15.456,7,0,
17.0333,4.77783,0.58899,3.044,15.456,7,0,
17.0367,4.74823,0.587464,3.044,15.456,7,0,
17.04,4.74792,0.58899,3.044,15.456,7,0,
17.0433,4.73358,0.592042,3.044,15.456,7,0,
17.0467,4.70001,0.599671,2.26,15.456,7,0,
17.05,4.68384,0.590516,2.26,15.456,7,0,
17.0533,4.69818,0.587464,2.26,15.456,7,0,
17.0567,4.74335,0.592042,2.26,15.456,7,0,
17.06,4.83185,0.58899,2.26,15.456,7,0,
17.0633,4.96887,0.590516,2.26,15.456,7,0,
17.0667,5.13031,0.587464,2.26,15.456,7,0,
17.07,5.22736,0.590516,2.26,15.456,7,0,
17.0733,5.20508,0.587464,1.006,14.1044,7,0,
17.0767,5.11444,0.58899,1.006,14.1044,7,0,
17.08,4.97925,0.587464,1.006,14.1044,7,0,
17.0833,4.84161,0.587464,1.006,14.1044,7,0,
17.0867,4.73877,0.590516,1.006,14.1044,7,0,
17.09,4.68903,0.58899,1.006,14.1044,7,0,
17.0933,4.66492,0.58899,1.006,14.1044,7,0,
17.0967,4.6402,0.587464,1.006,14.1044,7,0,
17.1,4.61578,0.587464,0,14.1044,7,0,
17.1033,4.60693,0.592042,2.292,14.1044,7,0,
17.1067,4.61121,0.592042,2.292,14.1044,7,0,
17.11,4.61639,0.585938,2.292,14.1044,7,0,
17.1133,4.63074,0.587464,2.292,14.1044,7,0,
17.1167,4.69482,0.58899,2.292,14.1044,7,0,
17.12,4.84619,0.587464,2.292,14.1044,7,0,
17.1233,4.98871,0.587464,2.292,17.1429,7,0,
17.1267,5.03754,0.58899,2.292,17.1429,7,0,
17.13,5.02808,0.58899,1.208,17.1429,7,0,
17.1333,4.96979,0.590516,1.208,17.1429,7,0,
17.1367,4.86816,0.590516,1.208,17.1429,7,0,
17.14,4.75311,0.590516,1.208,17.1429,7,0,
17.1433,4.68353,0.592042,1.208,17.1429,7,0,
17.1467,4.65057,0.587464,1.208,17.1429,7,0,
17.15,4.62524,0.593568,1.208,17.1429,7,0,
17.1533,4.60205,0.590516,1.208,17.1429,7,0,
17.1567,4.59137,0.58899,1.208,17.1429,7,0,
17.16,4.59167,0.587464,0,17.1429,7,0,
17.1633,4.58649,0.587464,2.358,17.1429,7,0,
17.1667,4.59106,0.58899,2.358,17.1429,7,0,
17.17,4.65057,0.58899,2.358,17.1429,7,0,
17.1733,4.76318,0.585938,2.358,19.6721,7,0,
17.1767,4.87579,0.587464,2.358,19.6721,7,0,
17.18,4.91028,0.587464,2.358,19.6721,7,0,
17.1833,4.86603,0.58899,0.816,19.6721,7,0,
17.1867,4.77325,0.585938,0.816,19.6721,7,0,
17.19,4.67407,0.587464,0.816,19.6721,7,0,
17.1933,4.61151,0.585938,0.816,19.6721,7,0,
17.1967,4.59137,0.590516,0.816,19.6721,7,0,
17.2,4.60114,0.58899,0.816,19.6721,7,0,
17.2033,4.60052,0.584413,0.816,19.6721,7,0,
17.2067,4.59595,0.58899,0.816,19.6721,7,0,
17.21,4.59625,0.585938,0.816,19.6721,7,0,
17.2133,4.59595,0.587464,0,19.6721,7,0,
17.2167,4.60083,0.590516,0,19.6721,7,0,
17.22,4.60663,0.587464,0,19.6721,7,0,
17.2233,4.65546,0.58899,0,19.7109,7,0,
17.2267,4.74487,0.587464,0,19.7109,7,0,
17.23,4.8465,0.585938,0,19.7109,7,0,
17.2333,4.90479,0.58899,0,19.7109,7,0,
17.2367,4.91974,0.587464,3.144,19.7109,7,0,
17.24,4.88556,0.58899,3.144,19.7109,7,0,
17.2433,4.81659,0.587464,3.144,19.7109,7,0,
17.2467,4.73297,0.587464,3.144,19.7109,7,0,
17.25,4.68475,0.58899,3.144,19.7109,7,0,
17.2533,4.6698,0.58899,3.144,19.7109,7,0,
17.2567,4.64996,0.585938,3.144,19.7109,7,0,
17.26,4.63074,0.592042,3.144,19.7109,7,0,
17.2633,4.62433,0.587464,2.25,19.7109,7,0,
17.2667,4.62585,0.58899,2.25,19.7109,7,0,
17.27,4.62646,0.587464,2.25,19.7109,7,0,
17.2733,4.63013,0.590516,2.25,19.5567,7,0,
17.2767,4.70947,0.587464,2.25,19.5567,7,0,
17.28,4.85596,0.585938,2.25,19.5567,7,0,
17.2833,5.04822,0.587464,2.25,19.5567,7,0,
17.2867,5.23315,0.587464,2.25,19.5567,7,0,
17.29,5.41504,0.587464,2.25,19.5567,7,0,
17.2933,5.52612,0.590516,2.25,19.5567,7,0,
17.2967,5.52643,0.58899,1.102,19.5567,7,0,
17.3,5.43915,0.587464,1.102,19.5567,7,0,
17.3033,5.34088,0.587464,1.102,19.5567,7,0,
17.3067,5.19379,0.590516,1.102,19.5567,7,0,
17.31,5.00793,0.58899,1.102,19.5567,7,0,
17.3133,4.82178,0.584413,1.102,19.5567,7,0,
17.3167,4.70856,0.587464,1.102,19.5567,7,0,
17.32,4.64996,0.590516,0,19.5567,7,0,
17.3233,4.61121,0.587464,2.324,19.5567,7,0,
17.3267,4.58221,0.58899,2.324,19.5567,7,0,
17.33,4.57184,0.587464,2.324,19.5567,7,0,
17.3333,4.57123,0.587464,2.324,19.5567,7,0,
17.3367,4.57703,0.587464,2.324,19.5567,7,0,
17.34,4.57672,0.587464,2.324,19.5567,7,0,
17.3433,4.57581,0.590516,2.324,16.3132,7,0,
17.3467,4.62067,0.587464,2.324,16.3132,7,0,
17.35,4.71832,0.58899,2.324,16.3132,7,0,
17.3533,4.84131,0.590516,2.324,16.3132,7,0,
17.3567,4.93317,0.590516,2.324,16.3132,7,0,
17.36,5.00336,0.58899,0,16.3132,7,0,
17.3633,5.00305,0.58899,1.818,16.3132,7,0,
17.3667,4.89166,0.590516,1.818,16.3132,7,0,
17.37,4.75342,0.593568,1.818,16.3132,7,0,
17.3733,4.6698,0.590516,1.818,16.3132,7,0,
17.3767,4.63043,0.592042,1.818,16.3132,7,0,
17.38,4.60602,0.58899,1.818,16.3132,7,0,
17.3833,4.58649,0.587464,1.818,16.3132,7,0,
17.3867,4.5816,0.587464,1.818,19.9071,7,0,
17.39,4.58649,0.592042,0,19.9071,7,0,
17.3933,4.59137,0.58899,0,19.9071,7,0,
17.3967,4.58588,0.58899,2.438,19.9071,7,0,
17.4,4.59167,0.593568,0.374,19.9071,7,0,
17.4033,4.6402,0.58899,0.374,19.9071,7,0,
17.4067,4.72839,0.58899,0.374,19.9071,7,0,
17.41,4.80682,0.58899,0.374,19.9071,7,0,
17.4133,4.92157,0.587464,0.374,19.9071,7,0,
17.4167,5.00763,0.590516,0.374,19.9071,7,0,
17.42,5.02258,0.592042,0.908,19.9071,7,0,
17.4233,4.93866,0.587464,0.908,19.9071,7,0,
17.4267,4.83673,0.592042,0.908,19.9071,7,0,
17.43,4.758,0.587464,0.908,19.9071,7,0,
17.4333,4.70337,0.590516,0.908,19.9071,7,0,
17.4367,4.65515,0.587464,0.908,19.9071,7,0,
17.44,4.63104,0.592042,0.908,19.0476,7,0,
17.4433,4.62524,0.58899,0.908,19.0476,7,0,
17.4467,4.62555,0.587464,0.908,19.0476,7,0,
17.45,4.60602,0.58899,0.908,19.0476,7,0,
17.4533,4.60052,0.58899,2.288,19.0476,7,0,
17.4567,4.62006,0.592042,2.288,19.0476,7,0,
17.46,4.68964,0.585938,2.288,19.0476,7,0,
17.4633,4.76288,0.590516,2.288,19.0476,7,0,
17.4667,4.86053,0.58899,2.288,19.0476,7,0,
17.47,4.95941,0.590516,2.288,19.0476,7,0,
17.4733,4.98779,0.590516,0.974,19.0476,7,0,
17.4767,4.92859,0.587464,0.974,19.0476,7,0,
17.48,4.82697,0.592042,0.974,19.0476,7,0,
17.4833,4.74762,0.585938,0.974,19.0476,7,0,
17.4867,4.6991,0.58899,0.974,19.0476,7,0,
17.49,4.66003,0.585938,0.974,19.9867,7,0,
17.4933,4.62677,0.587464,0.974,19.9867,7,0,
17.4967,4.62128,0.592042,0.974,19.9867,7,0,
17.5,4.62097,0.587464,0.974,19.9867,7,0,
17.5033,4.61548,0.590516,0.974,19.9867,7,0,
17.5067,4.60083,0.590516,2.256,19.9867,7,0,
17.51,4.60052,0.585938,2.256,19.9867,7,0,
17.5133,4.61151,0.587464,2.256,19.9867,7,0,
17.5167,4.6405,0.592042,2.256,19.9867,7,0,
17.52,4.6991,0.593568,2.256,19.9867,7,0,
17.5233,4.83154,0.587464,2.256,19.9867,7,0,
17.5267,4.99329,0.587464,2.256,19.9867,7,0,
17.53,5.12543,0.590516,2.256,19.9867,7,0,
17.5333,5.13489,0.58899,1.294,19.9867,7,0,
17.5367,5.06287,0.58899,1.294,19.9867,7,0,
17.54,4.96948,0.590516,1.294,19.9867,7,0,
17.5433,4.86115,0.590516,1.294,19.9867,7,0,
17.5467,4.74823,0.590516,1.294,19.9867,7,0,
17.55,4.68445,0.587464,1.294,19.9867,7,0,
17.5533,4.664,0.592042,1.294,15.8395,7,0,
17.5567,4.64447,0.587464,1.294,15.8395,7,0,
17.56,4.62097,0.590516,1.294,15.8395,7,0,
17.5633,4.6106,0.592042,1.294,15.8395,7,0,
17.5667,4.6109,0.590516,0,15.8395,7,0,
17.57,4.61548,0.58899,0,15.8395,7,0,
17.5733,4.62067,0.58899,0,15.8395,7,0,
17.5767,4.6402,0.582887,0,15.8395,7,0,
17.58,4.729,0.587464,0,15.8395,7,0,
17.5833,4.87732,0.585938,0,15.8395,7,0,
17.5867,4.9942,0.590516,0,15.8395,7,0,
17.59,5.11017,0.587464,0,15.8395,7,0,
17.5933,5.1889,0.585938,3.414,15.8395,7,0,
17.5967,5.14984,0.58899,3.414,15.8395,7,0,
17.6,5.03235,0.58899,3.414,15.8395,7,0,
17.6033,4.92035,0.590516,3.414,15.8395,7,0,
17.6067,4.86084,0.587464,3.414,15.8395,7,0,
17.61,4.80682,0.590516,3.414,15.8395,7,0,
17.6133,4.73389,0.590516,3.414,15.8395,7,0,
17.6167,4.67468,0.587464,3.414,15.8395,7,0,
17.62,4.64508,0.575257,3.414,14.8515,7,0,
17.6233,4.6405,0.58899,2.25,14.8515,7,0,
17.6267,4.63501,0.585938,2.25,14.8515,7,0,
17.63,4.62463,0.587464,0.418,14.8515,7,0,
17.6333,4.63074,0.575257,0.418,14.8515,7,0,
17.6367,4.68964,0.576783,0.334,14.8515,7,0,
17.64,4.82635,0.578309,0.334,14.8515,7,0,
17.6433,4.99359,0.576783,0.334,14.8515,7,0,
17.6467,5.25787,0.576783,0.334,14.8515,7,0,
17.65,5.53711,0.573731,0.334,14.8515,7,0,
17.6533,5.70343,0.58899,0.334,14.8515,7,0,
17.6567,5.77179,0.579835,0.334,14.8515,7,0,
17.66,5.83099,0.578309,0.334,14.8515,7,0,
17.6633,5.90424,0.578309,0.334,14.8515,7,0,
17.6667,5.98755,0.578309,0.334,14.8515,7,0,
17.67,6.05652,0.578309,0.334,14.8515,7,0,
17.6733,6.12518,0.576783,0.788,14.8515,7,0,
17.6767,6.18347,0.578309,0.788,14.8515,7,0,
17.68,6.21765,0.581361,0.788,14.8515,7,0,
17.6833,6.24664,0.576783,0.788,14.8515,7,0,
17.6867,6.27625,0.578309,0,14.8515,7,0,
17.69,6.2616,0.573731,0,19.698,7,0,
17.6933,6.20605,0.578309,0,19.698,7,0,
17.6967,6.13861,0.576783,0,19.698,7,0,
17.7,6.08002,0.578309,0,19.698,7,0,
17.7033,6.01685,0.576783,0,19.698,7,0,
17.7067,5.90454,0.575257,0,19.698,7,0,
17.71,5.73761,0.579835,0,19.698,7,0,
17.7133,5.57526,0.575257,0,19.698,7,0,
17.7167,5.39001,0.576783,0,19.698,7,0,
17.72,5.13489,0.575257,0,19.698,7,0,
17.7233,4.91516,0.575257,0,19.698,7,0,
17.7267,4.74335,0.576783,4.796,19.698,7,0,
17.73,4.63562,0.578309,4.796,19.698,7,0,
17.7333,4.56665,0.576783,4.796,19.698,7,0,
17.7367,4.53217,0.578309,4.796,19.698,7,0,
17.74,4.51843,0.581361,4.796,19.698,7,0,
17.7433,4.52271,0.573731,4.796,19.698,7,0,
17.7467,4.52271,0.578309,4.796,19.698,7,0,
17.75,4.51813,0.573731,4.796,19.698,7,0,
17.7533,4.50836,0.575257,4.796,19.698,7,0,
17.7567,4.50775,0.576783,4.796,19.698,7,0,
17.76,4.51782,0.576783,4.796,19.698,7,0,
17.7633,4.51813,0.578309,4.796,19.698,7,0,
17.7667,4.51324,0.576783,0.536,19.698,7,0,
17.77,4.52301,0.575257,0.536,19.698,7,0,
17.7733,4.56207,0.578309,0.536,19.698,7,0,
17.7767,4.64508,0.578309,0.536,19.698,7,0,
17.78,4.7229,0.576783,0.536,19.698,7,0,
17.7833,4.77295,0.576783,0.536,19.698,7,0,
17.7867,4.758,0.576783,0.66,9.19963,7,0,
17.79,4.70886,0.578309,0.66,9.19963,7,0,
17.7933,4.64539,0.575257,0.66,9.19963,7,0,
17.7967,4.59564,0.576783,0.66,9.19963,7,0,
17.8,4.57642,0.578309,0.66,9.19963,7,0,
17.8033,4.5816,0.576783,0.66,9.19963,7,0,
17.8067,4.57581,0.576783,0.66,9.19963,7,0,
17.81,4.56207,0.575257,0.66,9.19963,7,0,
17.8133,4.56268,0.582887,0.66,9.19963,7,0,
17.8167,4.56207,0.576783,0,9.19963,7,0,
17.82,4.56665,0.576783,0,9.19963,7,0,
17.8233,4.55719,0.575257,2.416,9.19963,7,0,
17.8267,4.55658,0.579835,2.416,9.19963,7,0,
17.83,4.56696,0.575257,0.7,19.2555,7,0,
17.8333,4.60083,0.575257,0.7,19.2555,7,0,
17.8367,4.64996,0.575257,0.7,19.2555,7,0,
17.84,4.74731,0.576783,0.7,19.2555,7,0,
17.8433,4.83643,0.576783,0.7,19.2555,7,0,
17.8467,4.81659,0.578309,0.662,19.2555,7,0,
17.85,4.71924,0.578309,0.662,19.2555,7,0,
17.8533,4.64539,0.575257,0.662,19.2555,7,0,
17.8567,4.60602,0.575257,0.662,19.2555,7,0,
17.86,4.58649,0.575257,0.662,19.2555,7,0,
17.8633,4.56635,0.575257,0.662,19.2555,7,0,
17.8667,4.55292,0.579835,0.662,19.2555,7,0,
17.87,4.552,0.576783,0.662,19.2555,7,0,
17.8733,4.552,0.578309,0.662,19.2555,7,0,
17.8767,4.552,0.578309,0.662,19.2555,7,0,
17.88,4.54742,0.576783,0,19.2555,7,0,
17.8833,4.55261,0.578309,0,19.2555,7,0,
17.8867,4.55719,0.576783,0,18.4729,7,0,
17.89,4.55719,0.578309,0,18.4729,7,0,
17.8933,4.57672,0.576783,3.08,18.4729,7,0,
17.8967,4.65942,0.575257,3.08,18.4729,7,0,
17.9,4.79156,0.576783,3.08,18.4729,7,0,
17.9033,4.96368,0.576783,3.08,18.4729,7,0,
17.9067,5.20508,0.578309,3.08,18.4729,7,0,
17.91,5.4126,0.576783,3.08,18.4729,7,0,
17.9133,5.52673,0.575257,3.08,18.4729,7,0,
17.9167,5.57068,0.576783,0.838,18.4729,7,0,
17.92,5.57587,0.578309,0.838,18.4729,7,0,
17.9233,5.54199,0.579835,0.838,18.4729,7,0,
17.9267,5.4538,0.576783,0.838,18.4729,7,0,
17.93,5.32623,0.578309,0.838,18.4729,7,0,
17.9333,5.20844,0.578309,0.838,18.4729,7,0,
17.9367,5.1355,0.575257,0.838,18.4729,7,0,
17.94,5.06317,0.579835,0.838,18.4729,7,0,
17.9433,4.99359,0.576783,0,18.4729,7,0,
17.9467,4.92493,0.575257,2.462,18.4729,7,0,
17.95,4.88037,0.575257,2.462,18.4729,7,0,
17.9533,4.84619,0.579835,2.462,18.4729,7,0,
17.9567,4.78699,0.575257,0.336,18.4729,7,0,
17.96,4.73328,0.576783,0.336,18.4729,7,0,
17.9633,4.71405,0.576783,0.512,18.4729,7,0,
17.9667,4.71375,0.576783,0.512,18.4729,7,0,
17.97,4.71375,0.579835,0.512,18.4729,7,0,
17.9733,4.71375,0.575257,0.366,12.2549,7,0,
17.9767,4.7583,0.578309,0.366,12.2549,7,0,
17.98,4.86481,0.576783,0.366,12.2549,7,0,
17.9833,4.99908,0.576783,0.366,12.2549,7,0,
17.9867,5.10529,0.573731,0.366,12.2549,7,0,
17.99,5.16937,0.578309,0.366,12.2549,7,0,
17.9933,5.19897,0.578309,0.588,12.2549,7,0,
17.9967,5.16907,0.576783,0.588,12.2549,7,0,
18,5.0766,0.579835,0.588,12.2549,7,0,
18.0033,4.96399,0.578309,0.588,12.2549,7,0,
18.0067,4.89014,0.575257,0.588,12.2549,7,0,
18.01,4.82635,0.578309,0.588,12.2549,7,0,
18.0133,4.74335,0.573731,0.588,12.2549,7,0,
18.0167,4.67957,0.575257,0.588,12.2549,7,0,
18.02,4.65057,0.575257,0,19.1083,7,0,
18.0233,4.63562,0.575257,2.27,19.1083,7,0,
18.0267,4.61151,0.575257,0.34,19.1083,7,0,
18.03,4.58649,0.578309,0.34,19.1083,7,0,
18.0333,4.58191,0.575257,0.34,19.1083,7,0,
18.0367,4.60083,0.561524,0.34,19.1083,7,0,
18.04,4.64508,0.56305,0.34,19.1083,7,0,
18.0433,4.6994,0.566102,0.34,19.1083,7,0,
18.0467,4.80225,0.578309,0.34,19.1083,7,0,
18.05,4.92584,0.575257,0.34,19.1083,7,0,
18.0533,4.97864,0.576783,0.34,19.1083,7,0,
18.0567,4.91486,0.564576,1.352,19.1083,7,0,
18.06,4.82239,0.564576,1.352,19.1083,7,0,
18.0633,4.758,0.566102,1.352,19.1083,7,0,
18.0667,4.71863,0.566102,1.352,19.1083,7,0,
18.07,4.67957,0.561524,1.352,19.9867,7,0,
18.0733,4.65485,0.561524,1.352,19.9867,7,0,
18.0767,4.64996,0.561524,1.352,19.9867,7,0,
18.08,4.65057,0.561524,1.352,19.9867,7,0,
18.0833,4.6405,0.564576,1.352,19.9867,7,0,
18.0867,4.62433,0.569154,0,19.9867,7,0,
18.09,4.62097,0.576783,2.262,19.9867,7,0,
18.0933,4.63074,0.56305,2.262,19.9867,7,0,
18.0967,4.65515,0.561524,2.262,19.9867,7,0,
18.1,4.70367,0.566102,2.262,19.9867,7,0,
18.1033,4.8114,0.566102,2.262,19.9867,7,0,
18.1067,4.95392,0.56305,2.262,19.9867,7,0,
18.11,5.05646,0.564576,2.262,19.9867,7,0,
18.1133,5.05188,0.56305,1.13,19.9867,7,0,
18.1167,4.97803,0.564576,1.13,19.9867,7,0,
18.12,4.8996,0.56305,1.13,19.9867,7,0,
18.1233,4.83643,0.56305,1.13,19.9867,7,0,
18.1267,4.77234,0.561524,1.13,19.9867,7,0,
18.13,4.74335,0.56305,1.13,16.4745,7,0,
18.1333,4.74854,0.566102,1.13,16.4745,7,0,
18.1367,4.74396,0.564576,1.13,16.4745,7,0,
18.14,4.71436,0.559998,1.13,16.4745,7,0,
18.1433,4.68445,0.561524,2.266,16.4745,7,0,
18.1467,4.67529,0.567628,2.266,16.4745,7,0,
18.15,4.69971,0.567628,2.266,16.4745,7,0,
18.1533,4.76288,0.56305,2.266,16.4745,7,0,
18.1567,4.82697,0.564576,2.266,16.4745,7,0,
18.16,4.92432,0.566102,2.266,16.4745,7,0,
18.1633,5.02716,0.561524,2.266,16.4745,7,0,
18.1667,5.06683,0.566102,2.266,16.4745,7,0,
18.17,5.00336,0.56305,0.936,16.4745,7,0,
18.1733,4.8999,0.56305,0.936,16.4745,7,0,
18.1767,4.84131,0.564576,0.936,16.4745,7,0,
18.18,4.81689,0.566102,0.936,19.9867,7,0,
18.1833,4.78729,0.56305,0.936,19.9867,7,0,
18.1867,4.76318,0.56305,0.936,19.9867,7,0,
18.19,4.75403,0.564576,0.936,19.9867,7,0,
18.1933,4.75342,0.56305,0.936,19.9867,7,0,
18.1967,4.74854,0.56305,0,19.9867,7,0,
18.2,4.74335,0.564576,2.314,19.9867,7,0,
18.2033,4.76776,0.559998,2.314,19.9867,7,0,
18.2067,4.85535,0.564576,2.314,19.9867,7,0,
18.21,4.96765,0.567628,2.314,19.9867,7,0,
18.2133,5.05219,0.564576,2.314,19.9867,7,0,
18.2167,5.13458,0.56305,2.314,19.9867,7,0,
18.22,5.14496,0.567628,0.718,19.9867,7,0,
18.2233,5.0769,0.564576,0.718,19.9867,7,0,
18.2267,4.95392,0.566102,0.718,19.9867,7,0,
18.23,4.86053,0.564576,0.718,19.9867,7,0,
18.2333,4.8172,0.56305,0.718,18.1488,7,0,
18.2367,4.77264,0.564576,0.718,18.1488,7,0,
18.24,4.72382,0.561524,0.718,18.1488,7,0,
18.2433,4.6991,0.56305,0.718,18.1488,7,0,
18.2467,4.69025,0.566102,2.254,18.1488,7,0,
18.25,4.67499,0.566102,2.254,18.1488,7,0,
18.2533,4.6698,0.56305,2.254,18.1488,7,0,
18.2567,4.70886,0.564576,2.254,18.1488,7,0,
18.26,4.82147,0.566102,2.254,18.1488,7,0,
18.2633,4.96918,0.56305,2.254,18.1488,7,0,
18.2667,5.10101,0.567628,2.254,18.1488,7,0,
18.27,5.28717,0.56305,2.254,18.1488,7,0,
18.2733,5.4776,0.564576,2.254,18.1488,7,0,
18.2767,5.59601,0.564576,2.254,18.1488,7,0,
18.28,5.62531,0.564576,2.254,18.1488,7,0,
18.2833,5.62103,0.566102,1.482,18.1488,7,0,
18.2867,5.58044,0.561524,1.482,19.8675,7,0,
18.29,5.48309,0.564576,1.482,19.8675,7,0,
18.2933,5.31128,0.56305,1.482,19.8675,7,0,
18.2967,5.13947,0.558473,1.482,19.8675,7,0,
18.3,5.01282,0.566102,1.482,19.8675,7,0,
18.3033,4.90509,0.56305,1.482,19.8675,7,0,
18.3067,4.82697,0.56305,1.482,19.8675,7,0,
18.31,4.79736,0.561524,0,19.8675,7,0,
18.3133,4.7876,0.561524,0,19.8675,7,0,
18.3167,4.77783,0.564576,0,19.8675,7,0,
18.32,4.75311,0.567628,0,19.8675,7,0,
18.3233,4.73389,0.566102,0,19.8675,7,0,
18.3267,4.72382,0.561524,0,19.8675,7,0,
18.33,4.71497,0.566102,0,19.8675,7,0,
18.3333,4.71863,0.561524,0,19.8675,7,0,
18.3367,4.74335,0.561524,0,19.8675,7,0,
18.34,4.81262,0.566102,0,19.8675,7,0,
18.3433,4.92065,0.564576,0,19.8675,7,0,
18.3467,5.02258,0.566102,0,19.8675,7,0,
18.35,5.06714,0.56305,4.476,19.8675,7,0,
18.3533,5.12482,0.567628,0.342,19.8675,7,0,
18.3567,5.18402,0.564576,0.342,19.8675,7,0,
18.36,5.23804,0.56305,0.34,19.8675,7,0,
18.3633,5.31158,0.561524,0.35,19.8675,7,0,
18.3667,5.42358,0.56305,0.35,19.8675,7,0,
18.37,5.48767,0.564576,0.35,19.8675,7,0,
18.3733,5.47302,0.564576,0.35,16.1204,7,0,
18.3767,5.41473,0.564576,0.35,16.1204,7,0,
18.38,5.3656,0.56305,0.35,16.1204,7,0,
18.3833,5.29663,0.564576,0.35,16.1204,7,0,
18.3867,5.17853,0.56305,0.35,16.1204,7,0,
18.39,5.08545,0.56305,0.35,16.1204,7,0,
18.3933,5.02747,0.559998,0.35,16.1204,7,0,
18.3967,4.97925,0.561524,0.35,16.1204,7,0,
18.4,4.90021,0.561524,0.35,16.1204,7,0,
18.4033,4.81689,0.56305,2.394,16.1204,7,0,
18.4067,4.77692,0.564576,2.394,16.1204,7,0,
18.41,4.75311,0.56305,2.394,16.1204,7,0,
18.4133,4.71893,0.561524,2.394,16.1204,7,0,
18.4167,4.67987,0.564576,0.376,16.1204,7,0,
18.42,4.66003,0.559998,0.376,16.1204,7,0,
18.4233,4.67957,0.561524,0.376,16.1204,7,0,
18.4267,4.73816,0.561524,0.376,12.7823,7,0,
18.43,4.81689,0.564576,0.376,12.7823,7,0,
18.4333,4.90509,0.566102,0.376,12.7823,7,0,
18.4367,4.9884,0.56305,0.376,12.7823,7,0,
18.44,5.00336,0.56305,1.028,12.7823,7,0,
18.4433,4.91852,0.561524,1.028,12.7823,7,0,
18.4467,4.82666,0.56305,1.028,12.7823,7,0,
18.45,4.758,0.564576,1.028,12.7823,7,0,
18.4533,4.70398,0.564576,1.028,12.7823,7,0,
18.4567,4.65485,0.564576,1.028,12.7823,7,0,
18.46,4.63104,0.564576,1.028,12.7823,7,0,
18.4633,4.62524,0.567628,1.028,12.7823,7,0,
18.4667,4.61578,0.56305,1.028,12.7823,7,0,
18.47,4.60052,0.561524,1.028,12.7823,7,0,
18.4733,4.59686,0.559998,2.264,12.7823,7,0,
18.4767,4.59167,0.564576,2.264,12.7823,7,0,
18.48,4.5813,0.567628,0.42,12.7823,7,0,
18.4833,4.56268,0.56305,0.42,12.7823,7,0,
18.4867,4.57184,0.566102,0.42,16.1204,7,0,
18.49,4.62524,0.56305,0.456,16.1204,7,0,
18.4933,4.71222,0.56305,0.456,16.1204,7,0,
18.4967,4.8175,0.564576,0.456,16.1204,7,0,
18.5,5.00793,0.56305,0.456,16.1204,7,0,
18.5033,5.20294,0.56305,0.456,16.1204,7,0,
18.5067,5.32593,0.566102,0.456,16.1204,7,0,
18.51,5.41962,0.561524,0.456,16.1204,7,0,
18.5133,5.48767,0.567628,0.456,16.1204,7,0,
18.5167,5.48767,0.56305,0.852,16.1204,7,0,
18.52,5.42419,0.56305,0.852,16.1204,7,0,
18.5233,5.33112,0.566102,0.852,16.1204,7,0,
18.5267,5.21271,0.567628,0.852,16.1204,7,0,
18.53,5.07202,0.564576,0.852,16.1204,7,0,
18.5333,4.9295,0.564576,0.852,16.1204,7,0,
18.5367,4.82635,0.56305,0.852,16.1204,7,0,
18.54,4.76807,0.564576,0,16.1204,7,0,
18.5433,4.73022,0.564576,2.428,16.1204,7,0,
18.5467,4.69421,0.566102,2.428,16.1204,7,0,
18.55,4.68048,0.56305,2.428,16.1204,7,0,
18.5533,4.67468,0.566102,2.428,16.1204,7,0,
18.5567,4.68018,0.564576,2.428,16.1204,7,0,
18.56,4.69482,0.564576,2.428,16.1204,7,0,
18.5633,4.73328,0.56305,2.428,16.1204,7,0,
18.5667,4.8175,0.564576,2.428,16.1204,7,0,
18.57,4.92004,0.567628,2.428,16.1204,7,0,
18.5733,4.9884,0.564576,2.428,16.1204,7,0,
18.5767,4.99817,0.569154,2.428,12.1065,7,0,
18.58,4.97894,0.564576,1.676,12.1065,7,0,
18.5833,4.94446,0.561524,1.676,12.1065,7,0,
18.5867,4.90692,0.564576,1.676,12.1065,7,0,
18.59,4.85626,0.564576,1.676,12.1065,7,0,
18.5933,4.82635,0.561524,1.676,12.1065,7,0,
18.5967,4.81201,0.56305,1.676,12.1065,7,0,
18.6,4.7876,0.564576,1.676,12.1065,7,0,
18.6033,4.73846,0.561524,1.676,12.1065,7,0,
18.6067,4.70428,0.566102,2.266,12.1065,7,0,
18.61,4.68933,0.567628,2.266,12.1065,7,0,
18.6133,4.68994,0.56305,2.266,12.1065,7,0,
18.6167,4.67499,0.561524,0.434,12.1065,7,0,
18.62,4.67957,0.564576,0.334,12.1065,7,0,
18.6233,4.72839,0.564576,0.334,18.6916,7,0,
18.6267,4.81689,0.56305,0.334,18.6916,7,0,
18.63,4.89532,0.567628,0.334,18.6916,7,0,
18.6333,4.95911,0.569154,0.334,18.6916,7,0,
18.6367,5.03296,0.566102,0.334,18.6916,7,0,
18.64,5.06714,0.564576,0.432,18.6916,7,0,
18.6433,5.02808,0.559998,0.432,18.6916,7,0,
18.6467,4.94415,0.564576,0.432,18.6916,7,0,
18.65,4.87061,0.566102,0.432,18.6916,7,0,
18.6533,4.82178,0.564576,0.432,18.6916,7,0,
18.6567,4.77753,0.564576,0.432,18.6916,7,0,
18.66,4.71893,0.561524,0.432,18.6916,7,0,
18.6633,4.68933,0.566102,0.432,18.6916,7,0,
18.6667,4.67957,0.567628,2.252,18.6916,7,0,
18.67,4.66675,0.56305,0.37,18.6916,7,0,
18.6733,4.65057,0.56305,0.37,18.6916,7,0,
18.6767,4.64569,0.56305,0.37,18.6916,7,0,
18.68,4.70886,0.564576,0.37,18.6916,7,0,
18.6833,4.82666,0.566102,0.37,18.6916,7,0,
18.6867,4.93469,0.566102,0.37,18.6916,7,0,
18.69,5.03723,0.567628,0.37,18.6916,7,0,
18.6933,5.14496,0.56305,0.37,18.6916,7,0,
18.6967,5.16968,0.567628,1.242,14.5631,7,0,
18.7,5.09552,0.56305,1.242,14.5631,7,0,
18.7033,4.99786,0.564576,1.242,14.5631,7,0,
18.7067,4.9295,0.561524,1.242,14.5631,7,0,
18.71,4.86572,0.56305,1.242,14.5631,7,0,
18.7133,4.7818,0.566102,1.242,14.5631,7,0,
18.7167,4.71436,0.564576,1.242,14.5631,7,0,
18.72,4.68872,0.561524,1.242,14.5631,7,0,
18.7233,4.68018,0.564576,1.242,14.5631,7,0,
18.7267,4.65515,0.564576,1.242,14.5631,7,0,
18.73,4.62982,0.561524,2.254,14.5631,7,0,
18.7333,4.62585,0.564576,2.254,14.5631,7,0,
18.7367,4.67041,0.56305,2.254,14.5631,7,0,
18.74,4.74365,0.564576,2.254,14.5631,7,0,
18.7433,4.841,0.56305,2.254,19.8413,7,0,
18.7467,4.96857,0.56305,2.254,19.8413,7,0,
18.75,5.09064,0.56305,2.254,19.8413,7,0,
18.7533,5.1593,0.564576,2.254,19.8413,7,0,
18.7567,5.10529,0.56305,1.07,19.8413,7,0,
18.76,5.02289,0.564576,1.07,19.8413,7,0,
18.7633,4.95453,0.56305,1.07,19.8413,7,0,
18.7667,4.89044,0.564576,1.07,19.8413,7,0,
18.77,4.81201,0.566102,1.07,19.8413,7,0,
18.7733,4.75281,0.561524,1.07,19.8413,7,0,
18.7767,4.72778,0.564576,1.07,19.8413,7,0,
18.78,4.69849,0.56305,1.07,19.8413,7,0,
18.7833,4.6698,0.564576,1.07,19.8413,7,0,
18.7867,4.65057,0.564576,2.25,19.8413,7,0,
18.79,4.66461,0.56305,2.25,19.8413,7,0,
18.7933,4.72321,0.56305,2.25,19.9601,7,0,
18.7967,4.79187,0.564576,2.25,19.9601,7,0,
18.8,4.89594,0.566102,2.25,19.9601,7,0,
